Time,Team,Operation,BuyVolume,SellVolume,EtfPosition,FuturePosition,EtfPrice,FuturePrice,TotalFees,AccountBalance,ProfitOrLoss,Status
1.3e-05,TraderOne,Tick,0,0,0,0,,,0,0,0,OK
1.3e-05,TraderTwo,Tick,0,0,0,0,,,0,0,0,OK
0.232522,TraderOne,Tick,0,0,0,0,,,0,0,0,OK
0.232522,TraderTwo,Tick,0,0,0,0,,,0,0,0,OK
0.486562,TraderOne,Tick,0,0,0,0,,,0,0,0,OK
0.486562,TraderTwo,Tick,0,0,0,0,,,0,0,0,OK
0.774922,TraderOne,Tick,0,0,0,0,,,0,0,0,OK
0.774922,TraderTwo,Tick,0,0,0,0,,,0,0,0,OK
0.98998,TraderOne,Tick,0,10,-10,5,147600,147100,-147,737647,147,OK
0.98998,TraderTwo,Tick,0,10,-10,10,147600,147100,-147,147,-1853,OK
1.204886,TraderOne,Tick,0,10,-10,5,147000,147100,-147,737647,3147,OK
1.204886,TraderTwo,Tick,1,10,-9,9,147000,147100,-118,218,1118,OK
1.542133,TraderOne,Tick,0,10,-10,5,147000,147100,-147,737647,3147,OK
1.542133,TraderTwo,Tick,1,10,-9,9,147000,147100,-118,218,1118,OK
1.779787,TraderOne,Tick,0,10,-10,5,147000,147100,-147,737647,3147,OK
1.779787,TraderTwo,Tick,1,10,-9,9,147000,147100,-118,218,1118,OK
1.965848,TraderOne,Tick,0,10,-10,5,147000,147100,-147,737647,3147,OK
1.965848,TraderTwo,Tick,1,10,-9,9,147000,147100,-118,218,1118,OK
2.284732,TraderOne,Tick,0,10,-10,5,147000,146900,-147,737647,2147,OK
2.284732,TraderTwo,Tick,1,10,-9,9,147000,146900,-118,218,-682,OK
2.493655,TraderOne,Tick,10,10,0,0,146400,146900,-294,2794,2794,OK
2.493655,TraderTwo,Tick,10,10,0,0,146400,146900,-250,-2350,-2350,OK
2.789367,TraderOne,Tick,10,10,0,0,146400,146900,-294,2794,2794,OK
2.789367,TraderTwo,Tick,10,10,0,0,146400,146900,-250,-2350,-2350,OK
2.97258,TraderOne,Tick,10,10,0,0,146400,146900,-294,2794,2794,OK
2.97258,TraderTwo,Tick,10,10,0,0,146400,146900,-250,-2350,-2350,OK
3.235511,TraderOne,Tick,10,10,0,0,146400,146900,-294,2794,2794,OK
3.235511,TraderTwo,Tick,10,10,0,0,146400,146900,-250,-2350,-2350,OK
3.550003,TraderOne,Tick,10,20,-10,5,147500,146900,-441,739941,3441,OK
3.550003,TraderTwo,Tick,10,20,-10,10,147500,146900,-397,-2203,-4203,OK
3.751637,TraderOne,Tick,17,20,-3,2,146700,146900,-544,153544,7244,OK
3.751637,TraderTwo,Tick,20,20,0,0,146700,146900,-544,-3056,-3056,OK
3.999617,TraderOne,Tick,17,20,-3,2,146700,146900,-544,153544,7244,OK
3.999617,TraderTwo,Tick,20,20,0,0,146700,146900,-544,-3056,-3056,OK
4.216774,TraderOne,Tick,17,20,-3,2,146700,146900,-544,153544,7244,OK
4.216774,TraderTwo,Tick,20,20,0,0,146700,146900,-544,-3056,-3056,OK
4.462767,TraderOne,Tick,17,20,-3,2,146700,146900,-544,153544,7244,OK
4.462767,TraderTwo,Tick,20,20,0,0,146700,146900,-544,-3056,-3056,OK
4.723402,TraderOne,Tick,20,20,0,1,146300,146900,-588,-139712,7188,OK
4.723402,TraderTwo,Tick,30,20,10,-10,146300,146900,-691,-2909,-4909,OK
5.011692,TraderOne,Tick,20,20,0,1,146300,146900,-588,-139712,7188,OK
5.011692,TraderTwo,Tick,30,20,10,-10,146300,146900,-691,-2909,-4909,OK
5.239782,TraderOne,Tick,20,20,0,1,146300,146800,-588,-139712,7088,OK
5.239782,TraderTwo,Tick,30,20,10,-10,146300,146800,-691,-2909,-4909,OK
5.470674,TraderOne,Tick,20,20,0,1,146300,146800,-588,-139712,7088,OK
5.470674,TraderTwo,Tick,30,20,10,-10,146300,146800,-691,-2909,-4909,OK
5.76969,TraderOne,Tick,20,20,0,1,146300,146800,-588,-139712,7088,OK
5.76969,TraderTwo,Tick,30,20,10,-10,146300,146800,-691,-2909,-4909,OK
6.013982,TraderOne,Tick,20,20,0,1,147000,146800,-588,-139712,7088,OK
6.013982,TraderTwo,Tick,30,30,0,0,147000,146800,-397,-3203,-3203,OK
6.27781,TraderOne,Tick,20,20,0,1,147000,146800,-588,-139712,7088,OK
6.27781,TraderTwo,Tick,30,40,-10,10,147000,146800,-103,-2497,-4497,OK
6.511768,TraderOne,Tick,20,30,-10,6,147000,146800,-294,596494,7294,OK
6.511768,TraderTwo,Tick,30,50,-20,20,147000,146800,191,209,-3791,OK
6.797713,TraderOne,Tick,20,40,-20,11,147200,146700,0,1332700,8400,OK
6.797713,TraderTwo,Tick,30,60,-30,30,147200,146700,485,2915,-3085,OK
6.984473,TraderOne,Tick,20,40,-20,11,147200,146900,0,1332700,6600,OK
6.984473,TraderTwo,Tick,30,60,-30,30,147200,146900,485,2915,-3085,OK
7.2364,TraderOne,Tick,20,40,-20,11,147200,146900,0,1332700,6600,OK
7.2364,TraderTwo,Tick,30,60,-30,30,147200,146900,485,2915,-3085,OK
7.522317,TraderOne,Tick,20,40,-20,11,147200,146900,0,1332700,6600,OK
7.522317,TraderTwo,Tick,30,60,-30,30,147200,146900,485,2915,-3085,OK
7.765953,TraderOne,Tick,20,40,-20,11,147200,146900,0,1332700,6600,OK
7.765953,TraderTwo,Tick,30,60,-30,30,147200,146900,485,2915,-3085,OK
7.999027,TraderOne,Tick,20,40,-20,11,147200,146900,0,1332700,6600,OK
7.999027,TraderTwo,Tick,30,60,-30,30,147200,146900,485,2915,-3085,OK
8.273478,TraderOne,Tick,20,40,-20,11,147000,146900,0,1332700,8600,OK
8.273478,TraderTwo,Tick,40,60,-20,20,147000,146900,338,62,-1938,OK
8.461148,TraderOne,Tick,20,40,-20,11,147000,146900,0,1332700,8600,OK
8.461148,TraderTwo,Tick,40,60,-20,20,147000,146900,338,62,-1938,OK
8.778485,TraderOne,Tick,20,40,-20,11,147000,146900,0,1332700,8600,OK
8.778485,TraderTwo,Tick,40,60,-20,20,147000,146900,338,62,-1938,OK
9.037154,TraderOne,Tick,30,40,-10,6,146700,146900,-147,599347,13747,OK
9.037154,TraderTwo,Tick,50,60,-10,10,146700,146900,191,-1791,209,OK
9.272502,TraderOne,Tick,40,40,0,1,146400,146900,146,-131446,15454,OK
9.272502,TraderTwo,Tick,60,60,0,0,146400,146900,484,916,916,OK
9.492424,TraderOne,Tick,50,40,10,-4,146400,146900,439,-862239,17161,OK
9.492424,TraderTwo,Tick,70,60,10,-10,146400,146900,777,3623,1623,OK
9.704294,TraderOne,Tick,50,40,10,-4,146400,146900,439,-862239,17161,OK
9.704294,TraderTwo,Tick,80,60,20,-20,146400,146900,1070,5330,1330,OK
10.045794,TraderOne,Tick,50,40,10,-4,146400,146900,439,-862239,17161,OK
10.045794,TraderTwo,Tick,80,60,20,-20,146400,146900,1070,5330,1330,OK
10.239207,TraderOne,Tick,50,40,10,-4,146400,146900,439,-862239,17161,OK
10.239207,TraderTwo,Tick,90,60,30,-30,146400,146900,1363,8037,2037,OK
10.456512,TraderOne,Tick,60,40,20,-9,146400,146900,732,-1592532,19368,OK
10.456512,TraderTwo,Tick,100,60,40,-40,146400,146900,1656,11744,3744,OK
10.774263,TraderOne,Tick,70,40,30,-14,146500,147000,1025,-2322325,23675,OK
10.774263,TraderTwo,Tick,110,70,40,-40,146500,147000,1803,9597,1597,OK
10.9915,TraderOne,Tick,70,50,20,-9,147300,147000,878,-1589178,31822,OK
10.9915,TraderTwo,Tick,110,70,40,-40,147300,147000,1803,9597,17597,OK
11.272346,TraderOne,Tick,70,50,20,-9,147300,147000,878,-1589178,31822,OK
11.272346,TraderTwo,Tick,110,70,40,-40,147300,147000,1803,9597,17597,OK
11.546073,TraderOne,Tick,70,50,20,-9,147300,147000,878,-1589178,31822,OK
11.546073,TraderTwo,Tick,110,70,40,-40,147300,147000,1803,9597,17597,OK
11.806049,TraderOne,Tick,70,60,10,-4,147400,147200,731,-852531,32669,OK
11.806049,TraderTwo,Tick,110,80,30,-30,147400,147200,1656,6744,12744,OK
12.027105,TraderOne,Tick,70,60,10,-4,147400,147200,731,-852531,32669,OK
12.027105,TraderTwo,Tick,110,80,30,-30,147400,147200,1656,6744,12744,OK
12.298341,TraderOne,Tick,70,60,10,-4,147400,147200,731,-852531,32669,OK
12.298341,TraderTwo,Tick,110,80,30,-30,147400,147200,1656,6744,12744,OK
12.505423,TraderOne,Tick,70,60,10,-4,147400,147200,731,-852531,32669,OK
12.505423,TraderTwo,Tick,110,80,30,-30,147400,147200,1656,6744,12744,OK
12.769643,TraderOne,Tick,70,60,10,-4,147400,147200,731,-852531,32669,OK
12.769643,TraderTwo,Tick,110,80,30,-30,147400,147200,1656,6744,12744,OK
13.032086,TraderOne,Tick,70,60,10,-4,147400,147200,731,-852531,32669,OK
13.032086,TraderTwo,Tick,110,80,30,-30,147400,147200,1656,6744,12744,OK
13.24393,TraderOne,Tick,70,60,10,-4,146600,147200,731,-852531,28669,OK
13.24393,TraderTwo,Tick,110,80,30,-30,146600,147200,1656,6744,744,OK
13.529325,TraderOne,Tick,70,60,10,-4,146600,147200,731,-852531,28669,OK
13.529325,TraderTwo,Tick,110,80,30,-30,146600,147200,1656,6744,744,OK
13.792054,TraderOne,Tick,70,60,10,-4,146600,147200,731,-852531,28669,OK
13.792054,TraderTwo,Tick,110,80,30,-30,146600,147200,1656,6744,744,OK
14.02153,TraderOne,Tick,70,60,10,-4,146600,147200,731,-852531,28669,OK
14.02153,TraderTwo,Tick,110,80,30,-30,146600,147200,1656,6744,744,OK
14.256599,TraderOne,Tick,70,60,10,-4,146600,147200,731,-852531,28669,OK
14.256599,TraderTwo,Tick,110,80,30,-30,146600,147200,1656,6744,744,OK
14.518637,TraderOne,Tick,70,60,10,-4,146600,147200,731,-852531,28669,OK
14.518637,TraderTwo,Tick,110,80,30,-30,146600,147200,1656,6744,744,OK
14.771589,TraderOne,Tick,70,60,10,-4,146600,147200,731,-852531,28669,OK
14.771589,TraderTwo,Tick,110,80,30,-30,146600,147200,1656,6744,744,OK
15.006175,TraderOne,Tick,70,60,10,-4,146600,147200,731,-852531,28669,OK
15.006175,TraderTwo,Tick,110,80,30,-30,146600,147200,1656,6744,744,OK
15.291782,TraderOne,Tick,70,60,10,-4,146600,147200,731,-852531,28669,OK
15.291782,TraderTwo,Tick,110,80,30,-30,146600,147200,1656,6744,744,OK
15.504747,TraderOne,Tick,70,60,10,-4,146900,146800,731,-852531,29269,OK
15.504747,TraderTwo,Tick,110,90,20,-20,146900,146800,1509,4891,6891,OK
15.747125,TraderOne,Tick,70,60,10,-4,146900,146800,731,-852531,29269,OK
15.747125,TraderTwo,Tick,110,90,20,-20,146900,146800,1509,4891,6891,OK
15.966218,TraderOne,Tick,70,60,10,-4,146900,146900,731,-852531,28869,OK
15.966218,TraderTwo,Tick,110,100,10,-10,146900,146900,1362,1038,1038,OK
16.272099,TraderOne,Tick,70,60,10,-4,146900,146900,731,-852531,28869,OK
16.272099,TraderTwo,Tick,110,100,10,-10,146900,146900,1362,1038,1038,OK
16.470936,TraderOne,Tick,70,60,10,-4,146900,146900,731,-852531,28869,OK
16.470936,TraderTwo,Tick,110,100,10,-10,146900,146900,1362,1038,1038,OK
16.788095,TraderOne,Tick,70,60,10,-4,146900,146900,731,-852531,28869,OK
16.788095,TraderTwo,Tick,110,100,10,-10,146900,146900,1362,1038,1038,OK
17.032426,TraderOne,Tick,70,60,10,-4,146900,146900,731,-852531,28869,OK
17.032426,TraderTwo,Tick,110,100,10,-10,146900,146900,1362,1038,1038,OK
17.242422,TraderOne,Tick,70,60,10,-4,146900,146900,731,-852531,28869,OK
17.242422,TraderTwo,Tick,110,100,10,-10,146900,146900,1362,1038,1038,OK
17.501795,TraderOne,Tick,70,60,10,-4,146900,146900,731,-852531,28869,OK
17.501795,TraderTwo,Tick,110,100,10,-10,146900,146900,1362,1038,1038,OK
17.733462,TraderOne,Tick,70,60,10,-4,146900,146900,731,-852531,28869,OK
17.733462,TraderTwo,Tick,120,100,20,-20,146900,146900,1656,1744,1744,OK
17.95602,TraderOne,Tick,80,60,20,-9,146600,146900,584,-1584384,27516,OK
17.95602,TraderTwo,Tick,130,100,30,-30,146600,146900,1509,3891,-2109,OK
18.292878,TraderOne,Tick,80,60,20,-9,146600,146900,584,-1584384,27516,OK
18.292878,TraderTwo,Tick,130,100,30,-30,146600,146900,1509,3891,-2109,OK
18.546503,TraderOne,Tick,80,60,20,-9,146600,147100,584,-1584384,29716,OK
18.546503,TraderTwo,Tick,130,100,30,-30,146600,147100,1509,3891,-2109,OK
18.780584,TraderOne,Tick,80,60,20,-9,146600,147100,584,-1584384,29716,OK
18.780584,TraderTwo,Tick,130,100,30,-30,146600,147100,1509,3891,-2109,OK
18.997817,TraderOne,Tick,80,60,20,-9,146600,147100,584,-1584384,29716,OK
18.997817,TraderTwo,Tick,130,100,30,-30,146600,147100,1509,3891,-2109,OK
19.20456,TraderOne,Tick,80,60,20,-9,146600,147100,584,-1584384,29716,OK
19.20456,TraderTwo,Tick,130,100,30,-30,146600,147100,1509,3891,-2109,OK
19.504525,TraderOne,Tick,80,60,20,-9,146600,147200,584,-1584384,30816,OK
19.504525,TraderTwo,Tick,130,100,30,-30,146600,147200,1509,3891,-2109,OK
19.76349,TraderOne,Tick,80,60,20,-9,146600,147200,584,-1584384,30816,OK
19.76349,TraderTwo,Tick,130,100,30,-30,146600,147200,1509,3891,-2109,OK
19.984061,TraderOne,Tick,80,60,20,-9,146600,147200,584,-1584384,30816,OK
19.984061,TraderTwo,Tick,130,100,30,-30,146600,147200,1509,3891,-2109,OK
20.221414,TraderOne,Tick,90,60,30,-14,146900,147200,878,-2317678,31522,OK
20.221414,TraderTwo,Tick,140,100,40,-40,146900,147200,1803,6597,-1403,OK
20.467752,TraderOne,Tick,100,60,40,-19,146900,147900,1172,-3049972,47928,OK
20.467752,TraderTwo,Tick,150,100,50,-50,146900,147900,2097,11303,1303,OK
20.786462,TraderOne,Tick,110,60,50,-24,147500,147900,1466,-3781266,54134,OK
20.786462,TraderTwo,Tick,160,110,50,-50,147500,147900,2244,14156,4156,OK
20.954556,TraderOne,Tick,110,60,50,-24,147500,147900,1466,-3781266,54134,OK
20.954556,TraderTwo,Tick,160,110,50,-50,147500,147900,2244,14156,4156,OK
21.282872,TraderOne,Tick,110,60,50,-24,147400,147900,1466,-3781266,54134,OK
21.282872,TraderTwo,Tick,160,120,40,-40,147400,147900,2097,8303,303,OK
21.546273,TraderOne,Tick,110,60,50,-24,147500,147900,1466,-3781266,54134,OK
21.546273,TraderTwo,Tick,164,120,44,-44,147500,147900,2215,9785,985,OK
21.756423,TraderOne,Tick,110,60,50,-24,147500,147900,1466,-3781266,54134,OK
21.756423,TraderTwo,Tick,164,120,44,-44,147500,147900,2215,9785,985,OK
21.972578,TraderOne,Tick,110,60,50,-24,147500,148000,1466,-3781266,56734,OK
21.972578,TraderTwo,Tick,164,120,44,-44,147500,148000,2215,9785,985,OK
22.239549,TraderOne,Tick,110,60,50,-24,147500,148000,1466,-3781266,56734,OK
22.239549,TraderTwo,Tick,164,120,44,-44,147500,148000,2215,9785,985,OK
22.461592,TraderOne,Tick,110,60,50,-24,147500,148100,1466,-3781266,59334,OK
22.461592,TraderTwo,Tick,164,120,44,-44,147500,148100,2215,9785,985,OK
22.728255,TraderOne,Tick,110,60,50,-24,147500,148200,1466,-3781266,61934,OK
22.728255,TraderTwo,Tick,164,120,44,-44,147500,148200,2215,9785,985,OK
23.039454,TraderOne,Tick,110,60,50,-24,147700,148000,1466,-3781266,56734,OK
23.039454,TraderTwo,Tick,174,120,54,-54,147700,148000,2510,12490,1690,OK
23.261157,TraderOne,Tick,110,60,50,-24,147700,148000,1466,-3781266,56734,OK
23.261157,TraderTwo,Tick,174,120,54,-54,147700,148000,2510,12490,1690,OK
23.472349,TraderOne,Tick,110,60,50,-24,147400,147700,1466,-3781266,48934,OK
23.472349,TraderTwo,Tick,174,130,44,-44,147400,147700,2805,9195,395,OK
23.72644,TraderOne,Tick,110,60,50,-24,147400,147700,1466,-3781266,48934,OK
23.72644,TraderTwo,Tick,174,130,44,-44,147400,147700,2805,9195,395,OK
23.977437,TraderOne,Tick,110,60,50,-24,147400,147700,1466,-3781266,48934,OK
23.977437,TraderTwo,Tick,174,130,44,-44,147400,147700,2805,9195,395,OK
24.246501,TraderOne,Tick,110,60,50,-24,147400,147700,1466,-3781266,48934,OK
24.246501,TraderTwo,Tick,174,130,44,-44,147400,147700,2805,9195,395,OK
24.512592,TraderOne,Tick,110,60,50,-24,147400,147700,1466,-3781266,48934,OK
24.512592,TraderTwo,Tick,174,130,44,-44,147400,147700,2805,9195,395,OK
24.777289,TraderOne,Tick,110,60,50,-24,147400,148100,1466,-3781266,59334,OK
24.777289,TraderTwo,Tick,174,130,44,-44,147400,148100,2805,9195,395,OK
25.014132,TraderOne,Tick,110,60,50,-24,147700,148100,1466,-3781266,59334,OK
25.014132,TraderTwo,Tick,184,130,54,-54,147700,148100,3100,12900,2100,OK
25.257942,TraderOne,Tick,110,60,50,-24,147700,148200,1466,-3781266,61934,OK
25.257942,TraderTwo,Tick,194,130,64,-64,147700,148200,3395,17605,4805,OK
25.504857,TraderOne,Tick,110,60,50,-24,147600,147900,1466,-3781266,54134,OK
25.504857,TraderTwo,Tick,194,140,54,-54,147600,147900,3690,11310,510,OK
25.761454,TraderOne,Tick,110,60,50,-24,147600,147900,1466,-3781266,54134,OK
25.761454,TraderTwo,Tick,194,147,47,-47,147600,147900,3587,7913,-1487,OK
25.977798,TraderOne,Tick,110,60,50,-24,147600,147900,1466,-3781266,54134,OK
25.977798,TraderTwo,Tick,194,147,47,-47,147600,147900,3587,7913,-1487,OK
26.274897,TraderOne,Tick,110,60,50,-24,147600,147900,1466,-3781266,54134,OK
26.274897,TraderTwo,Tick,194,147,47,-47,147600,147900,3587,7913,-1487,OK
26.494652,TraderOne,Tick,110,60,50,-24,147400,147900,1466,-3781266,54134,OK
26.494652,TraderTwo,Tick,194,147,47,-47,147400,147900,3587,7913,-1487,OK
26.743966,TraderOne,Tick,110,60,50,-24,147400,147900,1466,-3781266,54134,OK
26.743966,TraderTwo,Tick,194,147,47,-47,147400,147900,3587,7913,-1487,OK
27.028167,TraderOne,Tick,110,60,50,-24,147400,147900,1466,-3781266,54134,OK
27.028167,TraderTwo,Tick,194,147,47,-47,147400,147900,3587,7913,-1487,OK
27.225165,TraderOne,Tick,110,60,50,-24,147400,147900,1466,-3781266,54134,OK
27.225165,TraderTwo,Tick,204,147,57,-57,147400,147900,3439,12061,661,OK
27.500365,TraderOne,Tick,110,60,50,-24,147400,147900,1466,-3781266,54134,OK
27.500365,TraderTwo,Tick,204,147,57,-57,147400,147900,3439,12061,661,OK
27.789414,TraderOne,Tick,110,60,50,-24,147400,147800,1466,-3781266,51534,OK
27.789414,TraderTwo,Tick,204,147,57,-57,147400,147800,3439,12061,661,OK
27.965225,TraderOne,Tick,110,70,40,-19,147200,147800,1318,-3044118,51682,OK
27.965225,TraderTwo,Tick,214,157,57,-57,147200,147800,3145,11355,-45,OK
28.232651,TraderOne,Tick,110,70,40,-19,147200,147800,1318,-3044118,51682,OK
28.232651,TraderTwo,Tick,214,157,57,-57,147200,147800,3145,11355,-45,OK
28.537716,TraderOne,Tick,110,80,30,-14,147700,147800,1170,-2306470,55330,OK
28.537716,TraderTwo,Tick,214,167,47,-47,147700,147800,2998,7502,2802,OK
28.758914,TraderOne,Tick,110,80,30,-14,147700,147600,1170,-2306470,58130,OK
28.758914,TraderTwo,Tick,214,167,47,-47,147700,147600,2998,7502,12202,OK
28.999914,TraderOne,Tick,110,80,30,-14,147700,147600,1170,-2306470,58130,OK
28.999914,TraderTwo,Tick,214,167,47,-47,147700,147600,2998,7502,12202,OK
29.229547,TraderOne,Tick,110,80,30,-14,147700,147600,1170,-2306470,58130,OK
29.229547,TraderTwo,Tick,214,167,47,-47,147700,147600,2998,7502,12202,OK
29.469446,TraderOne,Tick,110,80,30,-14,147700,147600,1170,-2306470,58130,OK
29.469446,TraderTwo,Tick,214,167,47,-47,147700,147600,2998,7502,12202,OK
29.795589,TraderOne,Tick,110,80,30,-14,147700,147600,1170,-2306470,58130,OK
29.795589,TraderTwo,Tick,214,167,47,-47,147700,147600,2998,7502,12202,OK
29.986327,TraderOne,Tick,120,90,30,-14,147700,147600,876,-2305176,59424,OK
29.986327,TraderTwo,Tick,214,177,37,-37,147700,147600,3292,4208,7908,OK
30.229755,TraderOne,Tick,120,90,30,-14,147700,147600,876,-2305176,59424,OK
30.229755,TraderTwo,Tick,214,177,37,-37,147700,147600,3292,4208,7908,OK
30.470019,TraderOne,Tick,120,90,30,-14,147700,147600,876,-2305176,59424,OK
30.470019,TraderTwo,Tick,214,177,37,-37,147700,147600,3292,4208,7908,OK
30.733731,TraderOne,Tick,120,90,30,-14,147700,147400,876,-2305176,59224,OK
30.733731,TraderTwo,Tick,214,177,37,-37,147700,147400,3292,4208,11608,OK
30.993829,TraderOne,Tick,120,90,30,-14,147000,147400,876,-2305176,47224,OK
30.993829,TraderTwo,Tick,224,177,47,-47,147000,147400,3586,6914,-2486,OK
31.28864,TraderOne,Tick,120,90,30,-14,147000,147400,876,-2305176,47224,OK
31.28864,TraderTwo,Tick,234,177,57,-57,147000,147400,3880,10620,-780,OK
31.473073,TraderOne,Tick,120,90,30,-14,147000,147400,876,-2305176,47224,OK
31.473073,TraderTwo,Tick,234,177,57,-57,147000,147400,3880,10620,-780,OK
31.767195,TraderOne,Tick,120,90,30,-14,147000,147400,876,-2305176,47224,OK
31.767195,TraderTwo,Tick,234,177,57,-57,147000,147400,3880,10620,-780,OK
32.004746,TraderOne,Tick,124,90,34,-16,147100,147400,817,-2598317,48083,OK
32.004746,TraderTwo,Tick,244,177,67,-67,147100,147400,3733,15767,2367,OK
32.21107,TraderOne,Tick,124,90,34,-16,147100,147400,817,-2598317,48083,OK
32.21107,TraderTwo,Tick,244,177,67,-67,147100,147400,3733,15767,2367,OK
32.492477,TraderOne,Tick,130,90,40,-19,147100,147400,729,-3038029,49371,OK
32.492477,TraderTwo,Tick,244,187,57,-57,147100,147400,4027,9473,-1927,OK
32.772571,TraderOne,Tick,130,90,40,-19,147100,147600,729,-3038029,53571,OK
32.772571,TraderTwo,Tick,244,187,57,-57,147100,147600,4027,9473,-1927,OK
33.043738,TraderOne,Tick,140,90,50,-24,147000,147600,582,-3771382,56218,OK
33.043738,TraderTwo,Tick,244,197,47,-47,147000,147600,4321,4179,-5221,OK
33.251506,TraderOne,Tick,140,90,50,-24,147000,147600,582,-3771382,56218,OK
33.251506,TraderTwo,Tick,244,197,47,-47,147000,147600,4321,4179,-5221,OK
33.462068,TraderOne,Tick,140,90,50,-24,147000,147600,582,-3771382,56218,OK
33.462068,TraderTwo,Tick,244,197,47,-47,147000,147600,4321,4179,-5221,OK
33.726612,TraderOne,Tick,140,90,50,-24,146900,147600,582,-3771382,56218,OK
33.726612,TraderTwo,Tick,244,207,37,-37,146900,147600,4615,-115,-7515,OK
33.971977,TraderOne,Tick,140,90,50,-24,146900,147600,582,-3771382,56218,OK
33.971977,TraderTwo,Tick,244,207,37,-37,146900,147600,4615,-115,-7515,OK
34.292536,TraderOne,Tick,140,90,50,-24,146900,147200,582,-3771382,45818,OK
34.292536,TraderTwo,Tick,244,207,37,-37,146900,147200,4615,-115,-7515,OK
34.540794,TraderOne,Tick,140,90,50,-24,146900,147200,582,-3771382,45818,OK
34.540794,TraderTwo,Tick,244,207,37,-37,146900,147200,4615,-115,-7515,OK
34.748074,TraderOne,Tick,140,90,50,-24,146900,147200,582,-3771382,45818,OK
34.748074,TraderTwo,Tick,244,207,37,-37,146900,147200,4615,-115,-7515,OK
35.039432,TraderOne,Tick,140,90,50,-24,146900,147200,582,-3771382,45818,OK
35.039432,TraderTwo,Tick,244,207,37,-37,146900,147200,4615,-115,-7515,OK
35.2897,TraderOne,Tick,140,90,50,-24,146900,147300,582,-3771382,48418,OK
35.2897,TraderTwo,Tick,244,207,37,-37,146900,147300,4615,-115,-7515,OK
35.615681,TraderOne,Tick,140,100,40,-19,147100,147000,435,-3038235,52765,OK
35.615681,TraderTwo,Tick,244,217,27,-27,147100,147000,4468,-4968,-2268,OK
35.78129,TraderOne,Tick,140,100,40,-19,147200,147000,435,-3038235,56765,OK
35.78129,TraderTwo,Tick,244,224,20,-20,147200,147000,4674,-6574,-2574,OK
35.957698,TraderOne,Tick,140,100,40,-19,147200,147000,435,-3038235,56765,OK
35.957698,TraderTwo,Tick,244,224,20,-20,147200,147000,4674,-6574,-2574,OK
36.208381,TraderOne,Tick,140,100,40,-19,147200,147000,435,-3038235,56765,OK
36.208381,TraderTwo,Tick,244,224,20,-20,147200,147000,4674,-6574,-2574,OK
36.510364,TraderOne,Tick,140,100,40,-19,147200,147000,435,-3038235,56765,OK
36.510364,TraderTwo,Tick,244,224,20,-20,147200,147000,4674,-6574,-2574,OK
36.791012,TraderOne,Tick,140,100,40,-19,147200,147000,435,-3038235,56765,OK
36.791012,TraderTwo,Tick,244,224,20,-20,147200,147000,4674,-6574,-2574,OK
36.989681,TraderOne,Tick,140,100,40,-19,147200,147000,435,-3038235,56765,OK
36.989681,TraderTwo,Tick,244,224,20,-20,147200,147000,4674,-6574,-2574,OK
37.220945,TraderOne,Tick,140,100,40,-19,147200,147000,435,-3038235,56765,OK
37.220945,TraderTwo,Tick,244,224,20,-20,147200,147000,4674,-6574,-2574,OK
37.504105,TraderOne,Tick,140,100,40,-19,147200,147300,435,-3038235,51065,OK
37.504105,TraderTwo,Tick,244,224,20,-20,147200,147300,4674,-6574,-8574,OK
37.743125,TraderOne,Tick,140,110,30,-14,147100,147300,288,-2304588,46212,OK
37.743125,TraderTwo,Tick,254,224,30,-30,147100,147300,4968,-4868,-10868,OK
37.972704,TraderOne,Tick,140,110,30,-14,147100,147300,288,-2304588,46212,OK
37.972704,TraderTwo,Tick,254,224,30,-30,147100,147300,4968,-4868,-10868,OK
38.27205,TraderOne,Tick,140,110,30,-14,147100,147300,288,-2304588,46212,OK
38.27205,TraderTwo,Tick,254,224,30,-30,147100,147300,4968,-4868,-10868,OK
38.477288,TraderOne,Tick,140,110,30,-14,147100,147300,288,-2304588,46212,OK
38.477288,TraderTwo,Tick,254,224,30,-30,147100,147300,4968,-4868,-10868,OK
38.753438,TraderOne,Tick,140,110,30,-14,147100,147300,288,-2304588,46212,OK
38.753438,TraderTwo,Tick,254,224,30,-30,147100,147300,4968,-4868,-10868,OK
38.998141,TraderOne,Tick,140,110,30,-14,147100,147300,288,-2304588,46212,OK
38.998141,TraderTwo,Tick,254,224,30,-30,147100,147300,4968,-4868,-10868,OK
39.215707,TraderOne,Tick,150,110,40,-19,147000,147300,141,-3036941,48359,OK
39.215707,TraderTwo,Tick,264,224,40,-40,147000,147300,4821,-1721,-9721,OK
39.498409,TraderOne,Tick,150,120,30,-14,147700,147300,-7,-2299793,63007,OK
39.498409,TraderTwo,Tick,264,244,20,-20,147700,147300,4527,-6427,-2427,OK
39.722615,TraderOne,Tick,150,120,30,-14,147700,147300,-7,-2299793,63007,OK
39.722615,TraderTwo,Tick,264,244,20,-20,147700,147300,4527,-6427,-2427,OK
39.969578,TraderOne,Tick,150,120,30,-14,147700,147300,-7,-2299793,63007,OK
39.969578,TraderTwo,Tick,264,244,20,-20,147700,147300,4527,-6427,-2427,OK
40.244251,TraderOne,Tick,150,120,30,-14,147700,147300,-7,-2299793,63007,OK
40.244251,TraderTwo,Tick,264,244,20,-20,147700,147300,4527,-6427,-2427,OK
40.455181,TraderOne,Tick,150,130,20,-9,147700,147300,-154,-1562646,61654,OK
40.455181,TraderTwo,Tick,264,254,10,-10,147700,147300,4380,-7280,-5280,OK
40.707767,TraderOne,Tick,150,130,20,-9,147700,147300,-154,-1562646,61654,OK
40.707767,TraderTwo,Tick,264,254,10,-10,147700,147300,4380,-7280,-5280,OK
41.008691,TraderOne,Tick,150,130,20,-9,147700,147300,-154,-1562646,61654,OK
41.008691,TraderTwo,Tick,264,254,10,-10,147700,147300,4380,-7280,-5280,OK
41.221005,TraderOne,Tick,150,130,20,-9,147700,147300,-154,-1562646,61654,OK
41.221005,TraderTwo,Tick,264,254,10,-10,147700,147300,4380,-7280,-5280,OK
41.536108,TraderOne,Tick,150,130,20,-9,147700,147300,-154,-1562646,61654,OK
41.536108,TraderTwo,Tick,264,254,10,-10,147700,147300,4380,-7280,-5280,OK
41.762858,TraderOne,Tick,150,130,20,-9,147700,147300,-154,-1562646,61654,OK
41.762858,TraderTwo,Tick,264,254,10,-10,147700,147300,4380,-7280,-5280,OK
42.018921,TraderOne,Tick,150,130,20,-9,147700,147200,-154,-1562646,60554,OK
42.018921,TraderTwo,Tick,264,254,10,-10,147700,147200,4380,-7280,-5280,OK
42.217386,TraderOne,Tick,150,130,20,-9,147300,147200,-154,-1562646,58554,OK
42.217386,TraderTwo,Tick,264,262,2,-2,147300,147200,4262,-7962,-7762,OK
42.52934,TraderOne,Tick,150,130,20,-9,147300,147200,-154,-1562646,58554,OK
42.52934,TraderTwo,Tick,264,262,2,-2,147300,147200,4262,-7962,-7762,OK
42.719062,TraderOne,Tick,150,130,20,-9,147300,147200,-154,-1562646,58554,OK
42.719062,TraderTwo,Tick,264,262,2,-2,147300,147200,4262,-7962,-7762,OK
43.046671,TraderOne,Tick,150,130,20,-9,147300,147200,-154,-1562646,58554,OK
43.046671,TraderTwo,Tick,264,262,2,-2,147300,147200,4262,-7962,-7762,OK
43.263872,TraderOne,Tick,150,130,20,-9,147300,147200,-154,-1562646,58554,OK
43.263872,TraderTwo,Tick,264,262,2,-2,147300,147200,4262,-7962,-7762,OK
43.494205,TraderOne,Tick,150,130,20,-9,147300,147200,-154,-1562646,58554,OK
43.494205,TraderTwo,Tick,264,262,2,-2,147300,147200,4262,-7962,-7762,OK
43.798933,TraderOne,Tick,150,130,20,-9,147300,147400,-154,-1562646,56754,OK
43.798933,TraderTwo,Tick,264,262,2,-2,147300,147400,4262,-7962,-8162,OK
44.041911,TraderOne,Tick,150,130,20,-9,147300,147400,-154,-1562646,56754,OK
44.041911,TraderTwo,Tick,264,262,2,-2,147300,147400,4262,-7962,-8162,OK
44.296601,TraderOne,Tick,150,130,20,-9,147300,147400,-154,-1562646,56754,OK
44.296601,TraderTwo,Tick,264,262,2,-2,147300,147400,4262,-7962,-8162,OK
44.51908,TraderOne,Tick,150,130,20,-9,147300,147400,-154,-1562646,56754,OK
44.51908,TraderTwo,Tick,264,262,2,-2,147300,147400,4262,-7962,-8162,OK
44.774438,TraderOne,Tick,150,130,20,-9,147300,147400,-154,-1562646,56754,OK
44.774438,TraderTwo,Tick,264,262,2,-2,147300,147400,4262,-7962,-8162,OK
44.97279,TraderOne,Tick,150,140,10,-4,147700,147400,-302,-823998,62402,OK
44.97279,TraderTwo,Tick,264,272,-8,8,147700,147400,4114,-6814,-8414,OK
45.25093,TraderOne,Tick,150,140,10,-4,147700,147500,-302,-823998,63002,OK
45.25093,TraderTwo,Tick,264,272,-8,8,147700,147500,4114,-6814,-8414,OK
45.535159,TraderOne,Tick,150,150,0,1,147600,147500,-450,-86350,61150,OK
45.535159,TraderTwo,Tick,274,272,2,-2,147600,147500,4409,-8109,-7909,OK
45.753672,TraderOne,Tick,150,150,0,1,147400,147500,-450,-86350,61150,OK
45.753672,TraderTwo,Tick,274,282,-8,8,147400,147500,4704,-8404,-7604,OK
45.98957,TraderOne,Tick,150,150,0,1,147400,147500,-450,-86350,61150,OK
45.98957,TraderTwo,Tick,274,282,-8,8,147400,147500,4704,-8404,-7604,OK
46.205077,TraderOne,Tick,150,150,0,1,147400,147500,-450,-86350,61150,OK
46.205077,TraderTwo,Tick,274,282,-8,8,147400,147500,4704,-8404,-7604,OK
46.488948,TraderOne,Tick,150,150,0,1,147400,147500,-450,-86350,61150,OK
46.488948,TraderTwo,Tick,274,282,-8,8,147400,147500,4704,-8404,-7604,OK
46.727067,TraderOne,Tick,150,150,0,1,147400,147500,-450,-86350,61150,OK
46.727067,TraderTwo,Tick,274,282,-8,8,147400,147500,4704,-8404,-7604,OK
46.96246,TraderOne,Tick,150,150,0,1,147400,147500,-450,-86350,61150,OK
46.96246,TraderTwo,Tick,274,290,-16,16,147400,147500,4940,-7040,-5440,OK
47.256592,TraderOne,Tick,150,150,0,1,147400,147500,-450,-86350,61150,OK
47.256592,TraderTwo,Tick,274,290,-16,16,147400,147500,4940,-7040,-5440,OK
47.488656,TraderOne,Tick,150,150,0,1,147400,147500,-450,-86350,61150,OK
47.488656,TraderTwo,Tick,274,290,-16,16,147400,147500,4940,-7040,-5440,OK
47.722002,TraderOne,Tick,150,160,-10,6,147700,147500,-598,651798,59798,OK
47.722002,TraderTwo,Tick,274,300,-26,26,147700,147500,4792,-5892,-11092,OK
47.989781,TraderOne,Tick,150,160,-10,6,147700,147500,-598,651798,59798,OK
47.989781,TraderTwo,Tick,274,300,-26,26,147700,147500,4792,-5892,-11092,OK
48.232756,TraderOne,Tick,150,160,-10,6,147100,147500,-598,651798,63798,OK
48.232756,TraderTwo,Tick,284,300,-16,16,147100,147500,4645,-9745,-6545,OK
48.468033,TraderOne,Tick,150,160,-10,6,147100,147500,-598,651798,63798,OK
48.468033,TraderTwo,Tick,284,300,-16,16,147100,147500,4645,-9745,-6545,OK
48.758653,TraderOne,Tick,150,160,-10,6,147100,147500,-598,651798,63798,OK
48.758653,TraderTwo,Tick,284,300,-16,16,147100,147500,4645,-9745,-6545,OK
48.980059,TraderOne,Tick,150,160,-10,6,147100,147500,-598,651798,63798,OK
48.980059,TraderTwo,Tick,284,300,-16,16,147100,147500,4645,-9745,-6545,OK
49.283912,TraderOne,Tick,150,160,-10,6,147100,147500,-598,651798,63798,OK
49.283912,TraderTwo,Tick,284,300,-16,16,147100,147500,4645,-9745,-6545,OK
49.469894,TraderOne,Tick,150,170,-20,11,147600,147500,-746,1389946,60446,OK
49.469894,TraderTwo,Tick,294,300,-6,6,147600,147500,4940,-12040,-12640,OK
49.793583,TraderOne,Tick,150,170,-20,11,147600,147500,-746,1389946,60446,OK
49.793583,TraderTwo,Tick,294,300,-6,6,147600,147500,4940,-12040,-12640,OK
50.000666,TraderOne,Tick,150,170,-20,11,147600,147500,-746,1389946,60446,OK
50.000666,TraderTwo,Tick,294,300,-6,6,147600,147500,4940,-12040,-12640,OK
50.291218,TraderOne,Tick,150,170,-20,11,147600,147500,-746,1389946,60446,OK
50.291218,TraderTwo,Tick,294,300,-6,6,147600,147500,4940,-12040,-12640,OK
50.468272,TraderOne,Tick,150,170,-20,11,147700,147500,-746,1389946,58446,OK
50.468272,TraderTwo,Tick,294,300,-6,6,147700,147500,4940,-12040,-13240,OK
50.740995,TraderOne,Tick,150,170,-20,11,147700,147500,-746,1389946,58446,OK
50.740995,TraderTwo,Tick,294,300,-6,6,147700,147500,4940,-12040,-13240,OK
51.050056,TraderOne,Tick,150,170,-20,11,147700,147500,-746,1389946,58446,OK
51.050056,TraderTwo,Tick,294,300,-6,6,147700,147500,4940,-12040,-13240,OK
51.21325,TraderOne,Tick,150,170,-20,11,147700,147500,-746,1389946,58446,OK
51.21325,TraderTwo,Tick,294,300,-6,6,147700,147500,4940,-12040,-13240,OK
51.539711,TraderOne,Tick,150,170,-20,11,147700,147500,-746,1389946,58446,OK
51.539711,TraderTwo,Tick,294,300,-6,6,147700,147500,4940,-12040,-13240,OK
51.741636,TraderOne,Tick,150,170,-20,11,147700,147500,-746,1389946,58446,OK
51.741636,TraderTwo,Tick,294,300,-6,6,147700,147500,4940,-12040,-13240,OK
52.044785,TraderOne,Tick,150,170,-20,11,147700,147300,-746,1389946,60246,OK
52.044785,TraderTwo,Tick,294,300,-6,6,147700,147300,4940,-12040,-13240,OK
52.249158,TraderOne,Tick,150,170,-20,11,147700,147300,-746,1389946,60246,OK
52.249158,TraderTwo,Tick,294,300,-6,6,147700,147300,4940,-12040,-13240,OK
52.543334,TraderOne,Tick,150,170,-20,11,147700,147300,-746,1389946,60246,OK
52.543334,TraderTwo,Tick,294,300,-6,6,147700,147300,4940,-12040,-13240,OK
52.719466,TraderOne,Tick,150,170,-20,11,147700,147300,-746,1389946,60246,OK
52.719466,TraderTwo,Tick,294,300,-6,6,147700,147300,4940,-12040,-13240,OK
53.042088,TraderOne,Tick,150,170,-20,11,147700,147300,-746,1389946,60246,OK
53.042088,TraderTwo,Tick,294,300,-6,6,147700,147300,4940,-12040,-13240,OK
53.254705,TraderOne,Tick,150,170,-20,11,147700,147300,-746,1389946,60246,OK
53.254705,TraderTwo,Tick,294,300,-6,6,147700,147300,4940,-12040,-13240,OK
53.500953,TraderOne,Tick,150,170,-20,11,147700,147300,-746,1389946,60246,OK
53.500953,TraderTwo,Tick,294,300,-6,6,147700,147300,4940,-12040,-13240,OK
53.757846,TraderOne,Tick,150,170,-20,11,147700,147300,-746,1389946,60246,OK
53.757846,TraderTwo,Tick,294,300,-6,6,147700,147300,4940,-12040,-13240,OK
53.991453,TraderOne,Tick,150,170,-20,11,147700,147300,-746,1389946,60246,OK
53.991453,TraderTwo,Tick,294,300,-6,6,147700,147300,4940,-12040,-13240,OK
54.209125,TraderOne,Tick,150,170,-20,11,147700,147300,-746,1389946,60246,OK
54.209125,TraderTwo,Tick,294,300,-6,6,147700,147300,4940,-12040,-13240,OK
54.455995,TraderOne,Tick,150,170,-20,11,147300,147200,-746,1389946,63146,OK
54.455995,TraderTwo,Tick,294,310,-16,16,147300,147200,5235,-11335,-12935,OK
54.790516,TraderOne,Tick,150,170,-20,11,147300,147200,-746,1389946,63146,OK
54.790516,TraderTwo,Tick,294,310,-16,16,147300,147200,5235,-11335,-12935,OK
54.972434,TraderOne,Tick,150,170,-20,11,147300,147200,-746,1389946,63146,OK
54.972434,TraderTwo,Tick,294,310,-16,16,147300,147200,5235,-11335,-12935,OK
55.262477,TraderOne,Tick,150,170,-20,11,147300,147300,-746,1389946,64246,OK
55.262477,TraderTwo,Tick,294,310,-16,16,147300,147300,5235,-11335,-11335,OK
55.538055,TraderOne,Tick,150,170,-20,11,147300,146900,-746,1389946,63846,OK
55.538055,TraderTwo,Tick,304,310,-6,6,147300,146900,5088,-15188,-16388,OK
55.723451,TraderOne,Tick,150,170,-20,11,147100,146900,-746,1389946,63846,OK
55.723451,TraderTwo,Tick,304,320,-16,16,147100,146900,5383,-14483,-17683,OK
56.001365,TraderOne,Tick,150,170,-20,11,147100,147100,-746,1389946,66046,OK
56.001365,TraderTwo,Tick,304,320,-16,16,147100,147100,5383,-14483,-14483,OK
56.21149,TraderOne,Tick,150,170,-20,11,147100,147100,-746,1389946,66046,OK
56.21149,TraderTwo,Tick,304,320,-16,16,147100,147100,5383,-14483,-14483,OK
56.524952,TraderOne,Tick,150,170,-20,11,147100,147100,-746,1389946,66046,OK
56.524952,TraderTwo,Tick,304,320,-16,16,147100,147100,5383,-14483,-14483,OK
56.737503,TraderOne,Tick,150,170,-20,11,147100,147100,-746,1389946,66046,OK
56.737503,TraderTwo,Tick,304,320,-16,16,147100,147100,5383,-14483,-14483,OK
57.021502,TraderOne,Tick,150,170,-20,11,147100,147100,-746,1389946,66046,OK
57.021502,TraderTwo,Tick,304,326,-22,22,147100,147100,5560,-13460,-13460,OK
57.229628,TraderOne,Tick,150,170,-20,11,147100,147100,-746,1389946,66046,OK
57.229628,TraderTwo,Tick,304,326,-22,22,147100,147100,5560,-13460,-13460,OK
57.512392,TraderOne,Tick,150,170,-20,11,147100,146800,-746,1389946,64746,OK
57.512392,TraderTwo,Tick,304,326,-22,22,147100,146800,5560,-13460,-17860,OK
57.760512,TraderOne,Tick,150,170,-20,11,147000,146600,-746,1389946,66546,OK
57.760512,TraderTwo,Tick,304,336,-32,32,147000,146600,5854,-11754,-18154,OK
57.970551,TraderOne,Tick,150,170,-20,11,147000,146600,-746,1389946,66546,OK
57.970551,TraderTwo,Tick,304,336,-32,32,147000,146600,5854,-11754,-18154,OK
58.235434,TraderOne,Tick,150,170,-20,11,147000,146700,-746,1389946,65646,OK
58.235434,TraderTwo,Tick,304,336,-32,32,147000,146700,5854,-11754,-18154,OK
58.499135,TraderOne,Tick,150,170,-20,11,147000,146700,-746,1389946,65646,OK
58.499135,TraderTwo,Tick,304,336,-32,32,147000,146700,5854,-11754,-18154,OK
58.802861,TraderOne,Tick,150,170,-20,11,147000,146700,-746,1389946,65646,OK
58.802861,TraderTwo,Tick,304,336,-32,32,147000,146700,5854,-11754,-18154,OK
58.957659,TraderOne,Tick,150,180,-30,16,147100,146700,-452,2127152,67352,OK
58.957659,TraderTwo,Tick,314,336,-22,22,147100,146700,5707,-16607,-21007,OK
59.246067,TraderOne,Tick,150,180,-30,16,147000,146700,-452,2127152,67352,OK
59.246067,TraderTwo,Tick,314,343,-29,29,147000,146700,5913,-14713,-20513,OK
59.526948,TraderOne,Tick,150,180,-30,16,146900,146500,-452,2127152,70152,OK
59.526948,TraderTwo,Tick,314,353,-39,39,146900,146500,6207,-12007,-19807,OK
59.769127,TraderOne,Tick,150,180,-30,16,146900,146500,-452,2127152,70152,OK
59.769127,TraderTwo,Tick,314,353,-39,39,146900,146500,6207,-12007,-19807,OK
60.002377,TraderOne,Tick,150,180,-30,16,146900,146500,-452,2127152,70152,OK
60.002377,TraderTwo,Tick,314,353,-39,39,146900,146500,6207,-12007,-19807,OK
60.298195,TraderOne,Tick,150,180,-30,16,146900,146700,-452,2127152,67352,OK
60.298195,TraderTwo,Tick,314,353,-39,39,146900,146700,6207,-12007,-19807,OK
60.477782,TraderOne,Tick,150,180,-30,16,146900,146700,-452,2127152,67352,OK
60.477782,TraderTwo,Tick,314,353,-39,39,146900,146700,6207,-12007,-19807,OK
60.79571,TraderOne,Tick,150,180,-30,16,146900,146500,-452,2127152,70152,OK
60.79571,TraderTwo,Tick,314,353,-39,39,146900,146500,6207,-12007,-19807,OK
60.986332,TraderOne,Tick,150,180,-30,16,146900,146500,-452,2127152,70152,OK
60.986332,TraderTwo,Tick,314,353,-39,39,146900,146500,6207,-12007,-19807,OK
61.3002,TraderOne,Tick,150,180,-30,16,146900,146500,-452,2127152,70152,OK
61.3002,TraderTwo,Tick,314,353,-39,39,146900,146500,6207,-12007,-19807,OK
61.532877,TraderOne,Tick,150,180,-30,16,146900,146500,-452,2127152,70152,OK
61.532877,TraderTwo,Tick,314,353,-39,39,146900,146500,6207,-12007,-19807,OK
61.786122,TraderOne,Tick,150,180,-30,16,146900,146500,-452,2127152,70152,OK
61.786122,TraderTwo,Tick,314,353,-39,39,146900,146500,6207,-12007,-19807,OK
62.032027,TraderOne,Tick,150,180,-30,16,146900,146500,-452,2127152,70152,OK
62.032027,TraderTwo,Tick,314,353,-39,39,146900,146500,6207,-12007,-19807,OK
62.242219,TraderOne,Tick,150,180,-30,16,146900,146500,-452,2127152,70152,OK
62.242219,TraderTwo,Tick,314,353,-39,39,146900,146500,6207,-12007,-19807,OK
62.523587,TraderOne,Tick,150,190,-40,21,146700,146300,-158,2864358,76658,OK
62.523587,TraderTwo,Tick,314,363,-49,49,146700,146300,6501,-6301,-16101,OK
62.799171,TraderOne,Tick,150,190,-40,21,146700,146300,-158,2864358,76658,OK
62.799171,TraderTwo,Tick,314,363,-49,49,146700,146300,6501,-6301,-16101,OK
62.96022,TraderOne,Tick,150,190,-40,21,146700,146300,-158,2864358,76658,OK
62.96022,TraderTwo,Tick,314,363,-49,49,146700,146300,6501,-6301,-16101,OK
63.25921,TraderOne,Tick,150,190,-40,21,146700,146300,-158,2864358,76658,OK
63.25921,TraderTwo,Tick,314,363,-49,49,146700,146300,6501,-6301,-16101,OK
63.529417,TraderOne,Tick,150,190,-40,21,146700,146300,-158,2864358,76658,OK
63.529417,TraderTwo,Tick,314,363,-49,49,146700,146300,6501,-6301,-16101,OK
63.756135,TraderOne,Tick,150,190,-40,21,146700,146300,-158,2864358,76658,OK
63.756135,TraderTwo,Tick,314,363,-49,49,146700,146300,6501,-6301,-16101,OK
63.965511,TraderOne,Tick,150,190,-40,21,146700,146300,-158,2864358,76658,OK
63.965511,TraderTwo,Tick,314,363,-49,49,146700,146300,6501,-6301,-16101,OK
64.250597,TraderOne,Tick,160,190,-30,21,146700,146300,-305,1395505,72805,OK
64.250597,TraderTwo,Tick,324,363,-39,39,146700,146300,6795,-9595,-17395,OK
64.470405,TraderOne,Tick,160,190,-30,16,146700,146300,-305,2128005,73805,OK
64.470405,TraderTwo,Tick,324,363,-39,39,146700,146300,6795,-9595,-17395,OK
64.753734,TraderOne,Tick,160,190,-30,16,146700,146300,-305,2128005,73805,OK
64.753734,TraderTwo,Tick,324,363,-39,39,146700,146300,6795,-9595,-17395,OK
64.989506,TraderOne,Tick,160,190,-30,16,146700,146300,-305,2128005,73805,OK
64.989506,TraderTwo,Tick,324,363,-39,39,146700,146300,6795,-9595,-17395,OK
65.275713,TraderOne,Tick,160,190,-30,16,146700,146900,-305,2128005,77405,OK
65.275713,TraderTwo,Tick,324,363,-39,39,146700,146900,6795,-9595,-1795,OK
65.465752,TraderOne,Tick,160,190,-30,16,146700,146900,-305,2128005,77405,OK
65.465752,TraderTwo,Tick,324,363,-39,39,146700,146900,6795,-9595,-1795,OK
65.76959,TraderOne,Tick,160,190,-30,16,146700,146900,-305,2128005,77405,OK
65.76959,TraderTwo,Tick,324,363,-39,39,146700,146900,6795,-9595,-1795,OK
65.981014,TraderOne,Tick,170,190,-20,11,146600,146900,-452,1394152,76052,OK
65.981014,TraderTwo,Tick,334,363,-29,29,146600,146900,6648,-13448,-7648,OK
66.281686,TraderOne,Tick,170,190,-20,11,146600,146900,-452,1394152,76052,OK
66.281686,TraderTwo,Tick,334,363,-29,29,146600,146900,6648,-13448,-7648,OK
66.473271,TraderOne,Tick,170,190,-20,11,147300,146900,-452,1394152,68052,OK
66.473271,TraderTwo,Tick,334,373,-39,39,147300,146900,6501,-9301,-17101,OK
66.789241,TraderOne,Tick,170,190,-20,11,146600,146900,-452,1394152,76052,OK
66.789241,TraderTwo,Tick,344,373,-29,29,146600,146900,6354,-12154,-6354,OK
66.965444,TraderOne,Tick,170,190,-20,11,146600,146900,-452,1394152,76052,OK
66.965444,TraderTwo,Tick,344,373,-29,29,146600,146900,6354,-12154,-6354,OK
67.240567,TraderOne,Tick,170,190,-20,11,146600,146900,-452,1394152,76052,OK
67.240567,TraderTwo,Tick,344,373,-29,29,146600,146900,6354,-12154,-6354,OK
67.453114,TraderOne,Tick,170,190,-20,11,146900,146900,-452,1394152,72052,OK
67.453114,TraderTwo,Tick,354,373,-19,19,146900,146900,6207,-14007,-14007,OK
67.772894,TraderOne,Tick,170,190,-20,11,146900,146900,-452,1394152,72052,OK
67.772894,TraderTwo,Tick,364,373,-9,9,146900,146900,6501,-16301,-16301,OK
68.00619,TraderOne,Tick,170,190,-20,11,146900,146900,-452,1394152,72052,OK
68.00619,TraderTwo,Tick,364,373,-9,9,146900,146900,6501,-16301,-16301,OK
68.298917,TraderOne,Tick,170,200,-30,16,147200,146900,-599,2131799,69199,OK
68.298917,TraderTwo,Tick,364,383,-19,19,147200,146900,6354,-16154,-19954,OK
68.521432,TraderOne,Tick,180,200,-20,11,146500,146900,-746,1398446,80346,OK
68.521432,TraderTwo,Tick,374,383,-9,9,146500,146900,6207,-17007,-15207,OK
68.801479,TraderOne,Tick,180,200,-20,11,146500,147200,-746,1398446,77646,OK
68.801479,TraderTwo,Tick,374,383,-9,9,146500,147200,6207,-17007,-15207,OK
68.954261,TraderOne,Tick,180,200,-20,11,146500,147200,-746,1398446,77646,OK
68.954261,TraderTwo,Tick,374,383,-9,9,146500,147200,6207,-17007,-15207,OK
69.229523,TraderOne,Tick,180,210,-30,16,147500,147200,-893,2137593,70793,OK
69.229523,TraderTwo,Tick,374,393,-19,19,147500,147200,6060,-15860,-19660,OK
69.500268,TraderOne,Tick,180,210,-30,16,147500,147200,-893,2137593,70793,OK
69.500268,TraderTwo,Tick,374,393,-19,19,147500,147200,6060,-15860,-19660,OK
69.754709,TraderOne,Tick,180,210,-30,16,147500,147300,-893,2137593,69393,OK
69.754709,TraderTwo,Tick,374,393,-19,19,147500,147300,6060,-15860,-19660,OK
70.04368,TraderOne,Tick,180,210,-30,16,147500,147300,-893,2137593,69393,OK
70.04368,TraderTwo,Tick,374,393,-19,19,147500,147300,6060,-15860,-19660,OK
70.234054,TraderOne,Tick,180,210,-30,16,147500,147300,-893,2137593,69393,OK
70.234054,TraderTwo,Tick,374,393,-19,19,147500,147300,6060,-15860,-19660,OK
70.515761,TraderOne,Tick,180,210,-30,16,147500,147300,-893,2137593,69393,OK
70.515761,TraderTwo,Tick,374,393,-19,19,147500,147300,6060,-15860,-19660,OK
70.714336,TraderOne,Tick,190,210,-20,11,146500,147300,-1040,1401740,80040,OK
70.714336,TraderTwo,Tick,384,393,-9,9,146500,147300,5913,-17713,-15913,OK
70.996107,TraderOne,Tick,190,210,-20,11,146500,147300,-1040,1401740,80040,OK
70.996107,TraderTwo,Tick,384,393,-9,9,146500,147300,5913,-17713,-15913,OK
71.266495,TraderOne,Tick,190,210,-20,11,146500,147300,-1040,1401740,80040,OK
71.266495,TraderTwo,Tick,384,393,-9,9,146500,147300,5913,-17713,-15913,OK
71.53055,TraderOne,Tick,190,210,-20,11,146500,147300,-1040,1401740,80040,OK
71.53055,TraderTwo,Tick,384,393,-9,9,146500,147300,5913,-17713,-15913,OK
71.73731,TraderOne,Tick,190,210,-20,11,146500,147300,-1040,1401740,80040,OK
71.73731,TraderTwo,Tick,384,393,-9,9,146500,147300,5913,-17713,-15913,OK
71.961665,TraderOne,Tick,190,210,-20,11,146500,147300,-1040,1401740,80040,OK
71.961665,TraderTwo,Tick,384,393,-9,9,146500,147300,5913,-17713,-15913,OK
72.209485,TraderOne,Tick,190,210,-20,11,146500,147300,-1040,1401740,80040,OK
72.209485,TraderTwo,Tick,384,393,-9,9,146500,147300,5913,-17713,-15913,OK
72.468496,TraderOne,Tick,190,210,-20,11,147500,147300,-1040,1401740,72040,OK
72.468496,TraderTwo,Tick,384,403,-19,19,147500,147300,5766,-17566,-21366,OK
72.767433,TraderOne,Tick,190,210,-20,11,147500,147300,-1040,1401740,72040,OK
72.767433,TraderTwo,Tick,384,403,-19,19,147500,147300,5766,-17566,-21366,OK
72.985265,TraderOne,Tick,190,210,-20,11,147600,147300,-1040,1401740,72040,OK
72.985265,TraderTwo,Tick,384,403,-19,19,147600,147300,5766,-17566,-21366,OK
73.273088,TraderOne,Tick,190,210,-20,11,147600,147300,-1040,1401740,72040,OK
73.273088,TraderTwo,Tick,384,403,-19,19,147600,147300,5766,-17566,-21366,OK
73.461727,TraderOne,Tick,190,210,-20,11,147600,147200,-1040,1401740,72940,OK
73.461727,TraderTwo,Tick,384,413,-29,29,147600,147200,6061,-16861,-22661,OK
73.73689,TraderOne,Tick,190,210,-20,11,147600,147200,-1040,1401740,72940,OK
73.73689,TraderTwo,Tick,384,413,-29,29,147600,147200,6061,-16861,-22661,OK
73.96587,TraderOne,Tick,190,210,-20,11,147600,147200,-1040,1401740,72940,OK
73.96587,TraderTwo,Tick,394,413,-19,19,147600,147200,6356,-20156,-23956,OK
74.301674,TraderOne,Tick,190,210,-20,11,147600,147200,-1040,1401740,72940,OK
74.301674,TraderTwo,Tick,404,413,-9,9,147600,147200,6651,-22451,-24251,OK
74.513652,TraderOne,Tick,190,210,-20,11,147500,147200,-1040,1401740,72940,OK
74.513652,TraderTwo,Tick,404,423,-19,19,147500,147200,6946,-20746,-24546,OK
74.713672,TraderOne,Tick,190,210,-20,11,147500,147200,-1040,1401740,72940,OK
74.713672,TraderTwo,Tick,404,423,-19,19,147500,147200,6946,-20746,-24546,OK
74.960448,TraderOne,Tick,190,210,-20,11,147500,147200,-1040,1401740,72940,OK
74.960448,TraderTwo,Tick,404,423,-19,19,147500,147200,6946,-20746,-24546,OK
75.219057,TraderOne,Tick,190,210,-20,11,147500,147400,-1040,1401740,73140,OK
75.219057,TraderTwo,Tick,404,423,-19,19,147500,147400,6946,-20746,-22646,OK
75.462947,TraderOne,Tick,190,210,-20,11,147500,147400,-1040,1401740,73140,OK
75.462947,TraderTwo,Tick,404,423,-19,19,147500,147400,6946,-20746,-22646,OK
