position,avg_price,bid_liquidity,bid_spread,bid_lot,ask_liquidity,ask_spread,ask_lot
0,147000.0,19687601.906472955,2,14,4664095.4144298015,4,6
0,147000.0,20064371.588309713,2,14,24988732.321990997,4,14
0,146700.0,908828.3079070046,2,3,9120654.312285826,4,9
0,147000.0,8877773.32815979,2,9,23418775.848565746,4,14
0,147200.0,41049830.80326866,1,14,12117450.062279873,4,11
0,147150.0,27551094.569475558,1,14,19896165.20502487,4,14
0,147050.0,23512879.5651905,2,14,21643357.977711994,4,14
0,147050.0,31569849.48750869,1,14,13434722.759764893,4,11
0,147000.0,10492837.7051347,2,10,31283193.804653175,3,14
0,147000.0,17795877.210411347,2,13,36920193.52136745,3,14
13,146850.0,2215326.616685294,2,4,29193793.251207024,3,15
13,146850.0,5567896.454436637,2,6,29193793.251207024,3,15
13,146900.0,15216629.243890386,2,11,37250057.21489918,3,15
13,146950.0,36246821.392056786,1,13,28030329.676654596,3,15
-2,146900.0,17908295.683800638,2,13,33493908.00951752,3,14
-2,146750.0,41335498.27725049,1,14,26275135.173411034,3,14
-2,146900.0,11144242.665567115,2,10,36136109.844170794,3,14
-2,146900.0,21260011.441581376,2,14,36136109.844170794,3,14
-2,146900.0,10249012.97453237,2,10,40026427.512777664,3,14
-2,146800.0,24238818.379140094,2,14,41280490.11211352,3,14
-2,146750.0,28502240.830739047,1,14,49343809.54765274,3,14
-2,146900.0,43903956.52857744,1,14,32463109.730861686,3,14
-2,147100.0,32129601.45366267,1,14,29413678.556668796,3,14
-2,146850.0,26660141.11022158,1,14,31349870.213684436,3,14
-2,146800.0,35061912.417853445,1,14,24642101.925653923,4,14
-2,146600.0,30213031.14376197,1,14,28711715.329320375,3,14
-16,146650.0,64020488.838677384,0,15,27543813.165578865,3,12
-28,146800.0,31143318.778280545,0,16,24601070.753092293,4,12
-28,147000.0,35361887.706767276,0,16,25810561.59818023,4,12
-28,146950.0,47317023.80305419,0,16,24477438.59979218,4,12
-28,146950.0,38085167.62487417,0,16,27353126.922191624,4,12
-28,146900.0,31408678.555146057,0,16,34394365.51735488,4,12
-28,146900.0,31438048.554011106,0,16,34247265.70981657,4,12
-28,146900.0,46857047.87300238,0,16,34834565.85718484,4,12
-28,146900.0,29832942.227002203,0,16,36304065.80047784,4,12
-28,146800.0,20515576.74619504,1,16,41074714.79656501,4,12
-12,146800.0,23010176.461916674,2,14,40707215.023322366,3,13
2,146800.0,39944500.50821142,1,14,25729115.284647413,3,14
16,146700.0,38600368.83897885,1,12,25578954.33375316,3,15
26,146600.0,40623007.411190204,2,12,29628727.26304117,2,15
26,146700.0,27910834.793451786,2,12,42661028.63006127,2,15
26,146850.0,65748573.82423137,1,12,15910424.078180177,3,14
26,146850.0,62610155.5703516,1,12,24978365.8239165,3,15
38,147100.0,29502905.07255549,2,11,17167975.366039798,3,15
30,147100.0,35155568.703289255,2,11,16873775.343401164,3,14
30,147100.0,39860768.419893414,2,11,15722291.43294703,3,14
30,147150.0,49979145.318145335,2,11,24947657.497082353,3,16
30,147100.0,27400975.370541304,2,11,29026908.925542045,2,16
30,147000.0,44416022.12661037,2,11,28741189.89924805,2,16
30,146950.0,28032709.565823756,2,11,35474916.49983136,2,16
30,147000.0,27197902.453903753,2,11,46018689.84173338,2,16
30,147000.0,23230902.964703135,3,11,46386689.615284,2,16
30,147000.0,23524402.6807733,3,11,41974690.068385154,2,16
30,147000.0,23524402.6807733,3,11,41606690.29483453,2,16
30,146900.0,29274889.33547969,2,11,46650955.119538516,2,16
30,147000.0,40633524.95146377,2,11,45651689.55865561,2,16
30,147000.0,39899025.064919315,2,11,45651689.55865561,2,16
30,147100.0,49147628.4202979,2,11,23335568.33114776,3,16
30,147000.0,24994826.36872437,3,11,42011464.89305263,2,16
30,147000.0,45573179.782669805,2,11,42747464.66633665,2,16
30,147000.0,28366981.256715115,2,11,41275965.17602154,2,16
30,146950.0,30636366.58970627,2,11,35446397.95366799,2,16
30,146800.0,36257418.06347007,2,11,28392649.511329066,2,16
30,147000.0,29901675.758434076,2,11,26539969.70472141,2,16
30,146700.0,48601997.580601566,2,11,26355978.42291192,2,16
30,146800.0,42631332.287693515,2,11,29611141.880127393,2,16
30,146900.0,42651255.70139627,2,11,25878116.786770936,2,16
30,146900.0,41182755.75814382,2,11,26612616.843442973,2,16
30,146900.0,44046305.70143465,2,11,26980366.616839603,2,16
30,146900.0,31564806.439267132,2,11,39030166.18585241,2,16
30,147100.0,55663424.58408057,1,11,15064230.16412965,3,13
41,147100.0,51987924.98089073,1,10,20757295.2008257,3,16
51,147050.0,40753570.48631075,3,9,28720619.384721946,1,17
51,147050.0,37116777.02033101,3,9,19332929.56002442,2,17
51,147000.0,41260429.98277667,3,9,33418192.21951069,1,17
51,147100.0,33885955.61106112,3,9,23994994.827320553,2,17
51,147100.0,28005456.461543676,3,9,33705894.906285614,1,17
51,147000.0,29994930.72020893,3,9,39741691.992552914,1,17
51,147150.0,65225958.69071543,2,9,23002348.647019554,2,17
60,147150.0,37847545.11351005,3,8,23200248.132080346,2,17
60,147300.0,31623747.319333665,3,8,28003695.456327345,1,17
68,147500.0,44483913.48764291,3,8,17452444.091926735,2,17
76,147900.0,44476124.218108684,3,6,17115880.642142985,2,17
82,147850.0,60062873.019270435,2,5,24829255.377940103,2,19
87,147850.0,50245292.43591242,2,5,20096055.828477092,2,19
87,147950.0,64306773.753773004,2,5,22528124.50888215,2,19
92,147950.0,32415344.463307716,4,4,23091743.66896083,1,19
92,147950.0,64958844.15347323,3,4,22104910.42007381,1,19
92,148000.0,45185869.55421754,4,4,35566660.70420279,0,19
92,148050.0,37411501.38135372,4,4,24436195.89503905,1,19
92,148100.0,44449394.12961487,4,4,34053356.285985075,0,19
92,148050.0,43530671.59756193,4,4,25049203.488656,0,19
92,147950.0,38887929.07900819,4,4,33891599.526072934,0,19
92,147500.0,35290322.22370016,4,4,36076535.775552936,0,19
96,147650.0,29424269.583606347,4,2,28656708.12258419,0,19
96,147800.0,24993452.978621963,4,2,29365050.13429229,0,19
96,147800.0,40728802.3185623,4,2,34665714.83041248,0,19
96,147900.0,30833860.4473232,4,2,30782051.7920878,0,19
98,148000.0,42417401.21827029,4,2,29490922.815612003,0,19
98,148200.0,27691602.8440319,4,2,34679074.10884311,0,19
98,148250.0,39297832.70072203,4,2,24487219.60256323,1,19
98,148100.0,42118206.38392001,4,2,33218459.827699523,0,19
98,148000.0,19111278.664847467,4,1,26505038.396302786,0,19
98,148000.0,22795608.792524848,4,2,25517372.067132354,0,19
98,148000.0,25027778.158189956,4,2,42100071.08774481,0,19
98,148000.0,24473403.186094668,4,2,26506730.10944831,0,19
98,147950.0,32736112.719455574,4,2,55133617.44690087,0,19
98,147950.0,21563669.4586937,4,2,60489998.00532657,0,19
98,147950.0,18279734.48995882,4,1,60489998.00532657,0,19
99,148100.0,28530634.320329584,4,1,43218709.5461689,0,19
99,148000.0,21959403.975487493,4,1,42592142.10557112,0,19
99,147900.0,34031330.55512638,4,1,40158901.05558013,0,19
99,147750.0,64794536.37301892,3,1,28146534.606133305,0,19
99,147600.0,40660662.76015861,4,1,38489989.55894841,0,19
99,147700.0,33700342.84396101,4,1,27600025.558537457,0,19
99,147700.0,31116593.126501188,4,1,39147294.934694216,0,19
99,147700.0,32224343.296051532,4,1,39443194.653067365,0,19
99,147700.0,29271343.408928275,4,1,40624794.87829186,0,19
99,147300.0,20099439.35694799,4,1,37891677.236249276,0,19
99,147300.0,42186938.50800724,4,1,39366176.8405185,0,19
92,147300.0,42677438.33811228,4,4,37892676.89707079,0,19
92,147300.0,23043438.790667046,4,4,39578782.217532866,0,19
92,147300.0,40713438.11151446,4,4,37965452.227732904,0,19
92,147350.0,34052263.21274083,4,4,29867673.138358194,0,19
92,147500.0,42665418.862206645,4,4,37239462.68983975,0,19
96,147500.0,44140419.145209245,4,2,35403027.28554612,0,19
98,147700.0,30715739.681835234,4,2,27415767.57382957,0,19
98,147650.0,34893722.6329019,4,2,46858930.89137693,0,19
98,147650.0,27023056.64386247,4,2,54587872.34508996,0,19
98,147650.0,33019802.223981276,4,2,30631261.713226814,0,19
98,147650.0,32598445.27889789,4,2,51453486.50308604,0,19
98,147400.0,24198071.181215353,4,2,42147545.35259901,0,19
98,147300.0,34947188.847695895,4,2,42011083.51121191,0,19
98,147300.0,20468189.64017978,4,2,42011083.51121191,0,19
98,147250.0,24114495.47394336,4,2,65883525.980011955,0,19
98,147250.0,24114495.47394336,4,2,62095597.83255873,0,19
98,147250.0,15844948.732666282,4,1,68829025.95171824,0,19
98,147250.0,26974099.16364067,4,2,36248680.56209083,0,19
98,147250.0,26974099.16364067,4,2,37106407.38277333,0,19
98,147250.0,26563696.742055334,4,2,36124240.800952256,0,19
98,147200.0,37135520.45315283,4,2,41003741.43569299,0,19
98,147250.0,44654720.96649276,4,2,37313062.184045106,0,19
98,147250.0,19945250.536804434,4,1,29604143.435694452,0,19
98,147350.0,24990722.887204193,4,2,26582705.01282186,0,19
98,147300.0,31294348.953470223,4,2,41007910.82297611,0,19
98,147200.0,45122124.45208256,4,2,26259552.29074758,0,19
98,147150.0,32792905.506583784,4,2,33391633.249891642,0,19
98,147200.0,37603635.12402644,4,2,42015451.63425992,0,19
98,147200.0,36867635.06735287,4,2,45221509.45795466,0,19
98,147250.0,43441707.32216027,4,2,29373117.916554157,0,19
98,147400.0,32736730.59189648,4,2,21459775.69935852,1,19
98,147400.0,49416474.864026375,4,2,18337809.631322958,1,19
98,147500.0,44174187.26928487,4,2,33044130.874268796,0,19
98,147500.0,44337007.503377065,4,2,19173431.85665046,1,19
98,147500.0,42699687.32580258,4,2,34519131.09991268,0,19
98,147600.0,30422091.395446338,4,2,34276494.34018597,0,19
98,147600.0,43701590.887135535,4,2,23155793.810303297,1,19
98,147500.0,45800168.26425607,4,2,26236045.656923823,0,19
79,147400.0,25642966.586561285,3,6,29707489.221699633,1,18
79,147400.0,27116466.530008998,3,6,46391863.35947961,1,18
79,147400.0,41659910.971837915,3,6,26927564.523404025,1,18
79,147400.0,26826847.2636871,3,6,35949029.687747695,1,18
61,147300.0,39817136.32853335,3,8,42137437.86324876,1,17
61,147300.0,39817136.32853335,3,8,42137437.86324876,1,17
61,147250.0,30090922.247012094,3,8,38003462.32833363,1,17
61,147400.0,32455497.576727707,3,8,24270166.826195013,2,17
61,147300.0,35189516.84021921,3,8,35138188.03320963,1,17
61,147350.0,40409132.67870922,3,8,26665914.100653842,1,17
61,147250.0,29535443.56185413,3,8,35497234.176025204,1,17
61,147300.0,24649736.554514837,4,8,46019727.95688558,1,17
61,147250.0,29222871.11715179,3,8,35681018.5012693,1,17
61,147500.0,44792653.022581294,3,8,25352314.371433116,1,17
61,147400.0,23042113.98520503,4,8,46161340.12104505,1,17
61,147400.0,21650129.199054603,4,8,52029599.98084064,0,17
61,147300.0,24738556.710780792,4,8,47325781.900822565,1,17
61,147550.0,37215313.22597441,3,8,27941059.710497215,1,17
61,147500.0,47621579.819546044,3,8,19498931.2756109,2,17
61,147500.0,46639246.82554136,3,8,18834731.37723682,2,17
61,147500.0,45335879.83081778,3,8,22523731.151361175,2,17
61,147500.0,47154096.27695418,3,8,18834731.37723682,2,17
61,147450.0,56944788.5155016,2,8,30356380.993929446,1,17
61,147550.0,35771395.70405634,3,8,27451509.29002793,1,17
61,147300.0,18158818.029276263,4,8,40175534.12711834,1,17
61,147300.0,26416916.224591937,3,8,27739474.50944967,1,17
61,147300.0,23471916.337784033,4,8,41590373.97785816,1,17
61,147300.0,40242315.254377946,3,8,43241688.28128183,1,17
61,147300.0,45679664.639540926,3,8,26786689.29897354,1,17
61,147100.0,37520530.75264261,3,8,30725054.989151895,1,17
61,147200.0,37514357.640038766,3,8,32242955.256656233,1,17
61,147200.0,52498798.57891081,2,8,29002355.86750443,1,17
61,147300.0,50713343.28350719,2,8,25680939.67194197,1,17
44,147300.0,41625444.46333464,2,10,25680939.67194197,2,16
44,147200.0,38298423.85315216,2,10,41003355.10966634,2,16
44,147150.0,29632537.613885608,2,10,35203748.47643764,2,16
44,147200.0,33883924.0230358,2,10,31874455.256922085,2,16
44,147200.0,35352970.6325075,2,10,30401955.313518133,2,16
44,147400.0,31605218.766274974,2,10,22795167.052184906,3,16
44,147500.0,43242231.81096787,2,10,23436013.14210142,3,16
44,147400.0,45382693.32238287,2,10,23164666.487672426,3,16
44,147400.0,40211458.94550401,2,10,27884165.93397695,2,16
44,147350.0,33966672.74222171,2,10,32550487.43384434,2,16
44,147450.0,34551004.001861714,2,10,33193449.40491452,2,16
44,147300.0,42481577.53633348,2,10,27770188.654877737,2,16
44,147300.0,43954077.47973742,2,10,27278688.824426774,2,16
44,147200.0,37232294.37073237,2,10,29494021.855933182,2,16
44,147200.0,48759460.69764247,2,10,27579621.98041798,2,16
44,147200.0,38453058.97566898,2,10,27579871.952007644,2,16
44,147250.0,86589827.31558557,0,10,25216377.27449355,2,16
44,147350.0,31749187.970820084,2,10,34078545.68119864,2,16
44,147350.0,32437096.551919512,2,10,31763621.331757102,2,16
44,147250.0,29513272.63513919,2,10,37516304.163214035,2,16
44,147300.0,51995329.693322174,1,10,30594438.711051997,2,16
44,147250.0,28344196.950776145,2,10,37814650.90901583,2,16
44,147250.0,28344196.950776145,2,10,37814650.90901583,2,16
44,147250.0,26187918.285635263,2,10,36411070.32977661,2,16
44,147500.0,43155431.47804066,2,10,38486012.46466,2,16
44,147500.0,43032514.75474277,2,10,38486012.46466,2,16
44,147400.0,47116008.75616474,2,10,26753049.61747878,2,16
44,147400.0,33854509.26513532,2,10,29923499.538073834,2,16
44,147150.0,36486232.019796476,2,10,28223503.13577179,2,16
44,147200.0,33386402.527512137,2,10,27872522.51213812,2,16
44,147350.0,35851106.22501257,2,10,24407154.835107885,3,16
44,147100.0,18574172.251129758,3,10,23105890.18606536,3,16
44,147050.0,21749550.7641234,3,10,46909973.82908714,2,16
44,147200.0,37797410.206439264,2,10,45788355.392009266,2,16
44,147000.0,33888498.5095927,2,10,45310987.7139826,2,16
44,147000.0,35357998.452885695,2,10,47370187.46471046,2,16
44,146850.0,21972072.94129629,3,10,28042738.624135427,2,16
44,146800.0,31845070.765433967,2,10,42463131.68265286,2,16
44,146800.0,30377570.822219744,2,10,43785531.20643912,2,16
44,146600.0,34019978.080767356,2,10,28256823.53154736,2,16
28,146600.0,28035811.584584128,2,12,31630123.2475026,2,16
12,146600.0,20462477.966640532,2,13,35678288.01940426,3,14
12,146700.0,29523580.36940364,1,13,19606440.696730733,4,14
12,146800.0,45800215.88867607,1,13,26355068.19009452,3,14
12,146600.0,41464642.30071483,1,13,30595588.64598565,3,14
12,146550.0,30591830.522817757,1,13,45810418.801914036,3,14
-2,146550.0,22745673.845573686,2,14,32072492.222738314,3,14
-9,146550.0,34464673.04907085,1,14,32072492.222738314,3,13
-9,146550.0,38844825.24936782,1,14,26683534.88146394,3,13
-9,146550.0,45969072.667067416,1,14,31566978.181990996,3,13
-9,146800.0,42900117.426226966,1,14,39813235.93337191,3,13
-9,146700.0,51200635.41428506,0,14,25305790.922405846,3,13
-9,146550.0,32753507.109935157,1,14,30812792.55299536,3,13
-9,146600.0,26286721.38076141,1,14,40300621.12698943,3,13
-9,146600.0,45093387.08056414,1,14,32968121.41111109,3,13
-9,146500.0,62590698.44789245,0,14,30575738.183664087,3,13
-9,146500.0,21579331.551299103,2,14,48162736.990007676,3,13
-9,146500.0,23834036.164661653,2,14,46696737.38762769,3,13
-9,146200.0,47913328.45010347,1,14,28030771.935978893,3,13
-22,146250.0,32037525.933922786,1,15,32192704.952010386,3,12
-34,146300.0,33678058.43810479,0,16,47633253.696217336,4,11
-34,146300.0,18307434.12250199,1,15,50438337.086107396,3,11
-45,146300.0,41462099.19318062,0,17,29777155.346238133,4,10
-45,146400.0,45948264.508563995,0,17,28793590.676207114,4,10
-45,146450.0,37711944.54333565,0,17,33418399.064334415,4,10
-45,146750.0,34962789.12920366,0,17,31477739.6781891,4,10
-30,146800.0,27587185.021330617,0,16,45198901.97597203,4,11
-30,146800.0,29464834.46534466,0,16,42995402.4296424,4,11
-30,146700.0,48578824.386971295,0,16,27164990.751932718,4,11
-30,146800.0,44507334.18168786,0,16,25522351.846539147,4,11
-30,146700.0,41837127.28848351,0,16,28268888.506312232,4,11
-30,146700.0,41837127.28848351,0,16,31203888.39274068,4,11
-30,146700.0,56990626.54964971,0,16,28268888.506312232,4,11
-30,146700.0,43792127.061068684,0,16,27828488.574432157,4,11
-30,146800.0,43053508.78326898,0,16,46670750.235416494,4,11
-30,146700.0,41348627.459074,0,16,34800238.0632055,4,11
-14,146800.0,27586684.62324801,1,15,45935750.63233931,3,13
-14,146700.0,44769126.71988771,1,15,32891638.426504094,3,13
-14,146800.0,27586684.62324801,1,15,42410351.10886053,3,13
-14,146800.0,47211341.88938123,1,15,21948768.65516536,4,13
-14,146800.0,45743841.94616701,1,15,24885768.541670255,4,13
-14,146750.0,27629740.519249436,1,15,36748801.65571707,3,13
-14,146800.0,41181818.020802796,1,15,28850868.450706534,3,13
1,146800.0,39225484.91472943,1,14,29291768.314567782,3,14
1,146900.0,39011875.69462842,1,14,26063765.469932497,3,14
1,146900.0,40773675.353757374,1,14,26063765.469932497,3,14
1,146950.0,30811286.20636935,1,14,34305774.37996431,3,14
1,147350.0,38358207.76332992,1,14,23769251.233532585,4,14
1,147150.0,30292006.433731288,1,14,32850646.652356334,3,14
1,147100.0,39432736.98804919,1,14,41586240.323740184,3,14
1,147100.0,40461436.590933636,1,14,41586240.323740184,3,14
1,147100.0,26218261.048112072,1,14,40727157.386481375,3,14
15,147100.0,41163108.65422315,1,13,38273991.11600056,3,15
15,147200.0,31660767.010368984,1,13,23448826.886848286,4,15
15,147300.0,28994345.670069218,1,13,34881494.518177785,3,15
15,147300.0,28626095.556690317,1,13,34881994.34858854,3,15
15,147200.0,42845041.9625725,1,13,23400260.106883034,4,15
15,147300.0,42255705.83926058,1,13,34835393.21825634,3,15
15,147200.0,31102472.414462987,1,13,23648091.970486205,4,15
15,147300.0,45513500.10817766,1,13,21573394.009732503,4,15
15,147400.0,27030272.422733247,1,13,34414327.57281296,3,15
15,147300.0,40012325.89374885,1,13,35818892.70956902,3,15
15,147250.0,23331692.843619015,2,13,31968979.46808771,3,15
15,147400.0,26554169.25691594,1,13,32201828.02463845,3,15
15,147400.0,45178583.30162166,1,13,38299859.719838634,3,15
15,147500.0,31504988.834465332,1,13,31487160.290296417,3,15
15,147200.0,37509675.98705915,1,13,39979270.60595315,3,15
15,147300.0,43215177.71104175,1,13,23786392.31489353,4,15
15,147350.0,34115644.20862061,1,13,31178290.2908427,3,15
15,147300.0,41267903.39005564,1,13,25751891.919202957,3,15
15,147300.0,23671529.066378433,2,13,30909391.636475325,3,15
15,147400.0,33511850.854863606,1,13,42329292.997033395,3,15
15,147350.0,45073601.93737712,1,13,34284037.60811982,3,15
15,147300.0,44286528.27403374,1,13,45055390.822493486,3,15
15,147550.0,32056933.143755898,1,13,33936072.48216829,3,15
15,147550.0,28126267.26821521,1,13,41945788.775674336,3,15
15,147450.0,26027406.276616484,1,13,28443465.872576214,3,15
15,147300.0,39305797.75601163,1,13,44615272.9319825,3,15
15,147300.0,42619047.81294474,1,13,41373173.32747741,3,15
15,147300.0,39305797.75601163,1,13,42552573.10122064,3,15
15,147300.0,27525798.20878002,1,13,42552573.10122064,3,15
15,147300.0,39305797.75601163,1,13,42847672.8188303,3,15
15,147400.0,28251145.901632868,1,13,43287447.30240226,3,15
15,147300.0,45534597.700884566,1,13,38037813.48704227,3,15
15,147600.0,27788241.49603486,1,13,36430993.28895624,3,15
15,147700.0,27746264.603182882,1,13,39549038.278850116,3,15
15,147800.0,28750642.055216994,1,13,30532561.69917362,3,15
28,147900.0,30834297.89922619,2,12,39857918.68760412,2,16
40,148600.0,17295308.147774097,3,10,13582129.972744064,3,13
40,148300.0,23517829.666249536,3,10,38568892.592381604,2,16
50,148350.0,22769762.777158126,3,10,59197528.740844496,1,17
60,148300.0,25742329.947607175,3,8,28183893.322212055,1,17
68,148350.0,20199262.99642566,4,8,42014186.10834428,1,18
76,148350.0,16810406.30331625,4,6,65754185.88366821,0,18
82,148200.0,39563562.668688014,3,5,43319170.57287733,1,19
82,148600.0,29870304.65545048,3,5,32375607.409057338,1,19
87,148600.0,29129305.553809024,3,5,34040362.528126806,1,19
92,148600.0,30985805.27309125,4,4,31705408.24894284,0,19
96,148700.0,31160860.1373375,4,2,33724828.12707451,0,19
98,148800.0,28070288.964009013,4,2,38317108.692502946,0,19
98,148700.0,28229012.871037576,4,2,44787072.356657445,0,19
98,148850.0,27755181.30877831,4,2,25070549.46581244,0,19
98,148850.0,29331493.620150484,4,2,24728631.766214117,1,19
98,148850.0,37266159.61466939,4,2,34231223.55877196,0,19
98,148900.0,27967885.98948767,4,2,48605978.39472585,0,19
98,149000.0,29650363.0015825,4,2,32317124.416594736,0,19
98,149000.0,31140863.449649952,4,2,31451884.812134475,0,19
98,149250.0,27853350.925322544,4,2,13085423.906342551,1,16
98,149200.0,48767760.66498944,4,2,26235456.79315205,0,19
98,149150.0,79362512.9936104,2,2,24113268.154514723,1,19
98,149150.0,79510122.39877984,2,2,22691792.24312774,1,19
98,149150.0,27376482.82222882,4,2,31645291.489235148,0,19
98,149350.0,45794430.52314691,4,2,19334762.693941914,1,19
98,149600.0,32530846.16059735,4,2,49100335.870533094,0,19
98,149600.0,47803204.41206883,4,2,28358621.73964786,0,19
98,149650.0,42384075.456329346,4,2,23548744.741281807,1,19
98,149650.0,43100755.09470488,4,2,20415642.066963393,1,19
98,149700.0,32278237.6259438,4,2,39875168.10052481,0,19
98,149700.0,33774737.57025641,4,2,39375668.26735802,0,19
98,149600.0,40250904.6348192,4,2,24933420.558226876,1,19
98,149700.0,32777237.625906177,4,2,39375168.54534021,0,19
98,149500.0,51654139.14472949,3,2,25325258.913296845,0,19
98,149400.0,33289922.219307266,4,2,27933395.10825662,0,19
98,149200.0,31268628.729497004,4,2,29980048.585666712,0,19
98,149150.0,33653663.74495384,4,2,33021243.184048943,0,19
98,149150.0,43264031.267462395,4,2,32026210.023785397,0,19
98,149100.0,35598023.22733803,4,2,42207471.72686044,0,19
98,149100.0,36798058.09218718,4,2,25873023.681021824,0,19
98,149100.0,35226523.78694341,4,2,29275342.838932525,0,19
98,149100.0,36343273.11535192,4,2,30998107.746753644,0,19
98,149100.0,27220476.671976287,4,2,24329625.599998876,1,19
98,149050.0,29686394.84185224,4,2,35208279.140096635,0,19
98,149000.0,34239488.687933005,4,2,31809411.079946138,0,19
98,149000.0,33611857.774057165,4,2,42887377.99211912,0,19
98,148950.0,25568020.113090854,4,2,36230003.922601976,0,19
98,148900.0,27954201.5951095,4,2,42491760.00648064,0,19
79,149000.0,31147412.94268103,3,6,45534816.52598847,1,18
79,149050.0,46946506.94077504,3,6,32092291.005213663,1,18
85,149100.0,35516263.40202998,3,5,25731355.55765864,1,19
85,149150.0,44245284.16347808,3,5,19028469.22966539,2,18
85,149150.0,51344664.83662782,2,5,25425037.11592192,1,19
85,149300.0,40586297.09630267,3,5,39898441.44313392,1,19
85,149200.0,38279654.38860101,3,5,37779877.0242636,1,19
85,149200.0,37782821.22299652,3,5,38735076.98853024,1,19
85,149350.0,32285289.300577737,3,5,27305470.13723452,1,19
85,149350.0,43233121.93611269,3,5,26299341.888391737,1,19
85,149350.0,43233121.93611269,3,5,26299341.888391737,1,19
85,149550.0,44907450.77525196,3,5,21069566.4186397,2,19
85,149500.0,35597820.998836406,3,5,23184716.46318005,2,19
85,149550.0,43312250.77529349,3,5,25859165.30511656,1,19
85,149650.0,39019513.049893774,3,5,29671929.729529876,1,19
85,149700.0,38513237.180266365,3,5,33346895.307567183,1,19
85,149350.0,48728091.10201907,3,5,35136224.00602196,1,19
90,149500.0,55592599.44128653,2,4,37602137.62263727,1,19
90,149550.0,43407203.212118156,3,4,31998087.61599619,1,19
90,149750.0,44842177.735208936,3,4,22003490.84297415,2,19
90,149750.0,45856975.095480815,3,4,26596524.19294726,1,19
90,149700.0,36063317.10677799,3,4,24522895.049708944,2,19
94,149700.0,38562637.06893323,4,3,25571794.660579752,0,19
94,149700.0,37066137.12462063,4,3,25571794.660579752,0,19
94,149900.0,34439170.92479824,4,3,28565984.54707799,0,19
94,149750.0,44315087.18379553,4,3,30594593.74248723,0,19
94,149800.0,47400153.96725193,4,3,25390140.882953696,0,19
97,149800.0,33549155.025172725,4,2,25689740.905183233,0,19
97,149850.0,37217918.299388245,4,2,36176203.47890109,0,19
97,149950.0,39822029.038619526,4,2,12645313.209776226,1,15
97,150100.0,34573163.11569818,4,2,35187048.29962104,0,19
97,149950.0,36803560.70427629,4,2,43366651.380232446,0,19
97,150050.0,32511322.106805813,4,2,42075084.817825824,0,19
97,149900.0,28977827.913920533,4,2,45299521.38031744,0,19
97,149900.0,33001457.817179024,4,2,44399321.691273205,0,19
97,150000.0,40145577.605628915,4,2,31231869.890191354,0,19
97,150000.0,42094927.53338262,4,2,31231869.890191354,0,19
97,149950.0,53807717.13775111,3,2,33381785.302119203,0,19
99,149950.0,54904499.86777956,3,1,39380785.24655184,0,19
99,150050.0,34517377.17718482,4,1,41074251.56775555,0,19
99,150150.0,47313903.85664066,4,1,60908588.377448425,0,19
99,150200.0,39101189.91972829,4,1,35669470.95898379,0,19
99,150150.0,49411237.30115694,4,1,28459173.98858753,0,19
99,150250.0,86264132.75967328,2,1,23199369.617836665,1,19
99,150250.0,37879824.65133926,4,1,37955235.640128136,0,19
99,150250.0,46893324.568123996,4,1,28106547.545491137,0,19
99,150250.0,43888824.59586242,4,1,32114214.101268943,0,19
99,150350.0,51311820.48228757,3,1,33101305.176270746,0,19
99,150250.0,40258706.630551964,4,1,28181763.963246793,0,19
99,150250.0,51159062.9683785,3,1,21828706.241376452,1,19
99,150150.0,30363606.106297426,4,1,30947246.76735764,0,19
99,150200.0,37526090.75296941,4,1,23801345.145131074,1,19
99,150150.0,46973705.07900017,4,1,30268898.9336098,0,19
99,150250.0,46348062.080396086,4,1,31562182.320575126,0,19
99,150250.0,34333062.85726251,4,1,34567682.2928397,0,19
99,150200.0,42655423.41974698,4,1,38075844.257992305,0,19
99,150250.0,58251585.66770677,3,1,34567682.2928397,0,19
99,150350.0,53062509.082874954,3,1,48372162.92251514,0,19
99,150500.0,26687139.4545844,4,1,16537665.562330268,1,18
99,150450.0,27752714.737180404,4,1,33704084.2449359,0,19
99,150200.0,32954995.809211854,4,1,31037191.048326224,0,19
99,150300.0,28650526.64909812,4,1,31111152.296046525,0,19
99,150300.0,35159025.59488709,4,1,32389502.262534454,0,19
99,150350.0,36663162.778589495,4,1,31976053.235712003,0,19
99,150350.0,27646663.527218558,4,1,31976053.235712003,0,19
99,150350.0,29222259.01500424,4,1,71757918.94496146,0,19
99,150250.0,19977304.89533113,4,1,70485054.23263617,0,19
99,150100.0,27788610.350186404,4,1,44317830.10985567,0,19
99,150050.0,27639872.129945844,4,1,61962896.18067397,0,19
99,150050.0,42877887.1578782,4,1,58455947.45382859,0,19
99,150200.0,44164788.59425533,4,1,23299635.793488894,1,19
99,150150.0,49822905.05868683,4,1,59568230.102551535,0,19
99,150050.0,44893765.033199035,4,1,58923823.64299867,0,19
80,150400.0,41438590.47128106,3,6,37516971.75875887,1,18
80,150450.0,32916656.445645534,3,6,39936045.57388021,1,18
80,150550.0,30804312.176281035,3,6,38594663.577762045,1,18
86,150650.0,26832591.54336418,3,5,45937145.95497374,1,19
91,150650.0,39487895.826077245,4,4,46690520.94806072,0,19
95,150550.0,30854607.407040305,4,3,53309468.459393814,0,19
95,150550.0,40554217.93615891,4,3,48582413.281528026,0,19
97,150650.0,42845739.246906996,4,2,45062458.2846906,0,19
97,150550.0,24558904.702782582,4,2,63338093.294246495,0,19
97,150450.0,34785825.180977345,4,2,62056005.087361515,0,19
97,150450.0,29682070.375760503,4,2,60050005.032002516,0,19
97,150700.0,39411357.88070231,4,2,29062846.26001835,0,19
97,150750.0,24627862.143524062,4,2,51889494.954543605,0,19
97,150550.0,35591817.84417084,4,2,28280921.754113015,0,19
97,150650.0,29776783.21038738,4,2,45602350.55517778,0,19
97,150700.0,41867147.8297693,4,2,33929711.56990526,0,19
97,150700.0,42998398.49425686,4,2,29724186.459166333,0,19
97,150550.0,40506305.20017772,4,2,30149151.883986764,0,19
97,150600.0,38454060.264321186,4,2,36173018.019241415,0,19
97,150600.0,42511224.1550962,4,2,37634817.69092101,0,19
97,150750.0,56542794.742232814,3,2,45983268.37754978,0,19
99,150400.0,27119203.047555435,4,1,39854029.658115745,0,19
99,150350.0,35813985.69088528,4,1,55797502.902125634,0,19
99,150350.0,48178861.81523613,4,1,25149688.536781445,0,19
99,150450.0,29746528.643156193,4,1,57542051.631526165,0,19
80,150600.0,35211891.10551141,3,6,50242162.78356719,0,18
80,150650.0,28000046.61371722,3,6,23586855.805853028,2,18
80,150450.0,42402200.746357635,3,6,59441985.01649766,0,18
86,150450.0,41800900.88494657,3,5,56432485.04418078,0,19
86,150400.0,25291557.484736092,3,5,41143693.40944593,1,19
86,150400.0,26409806.60336806,3,5,44905693.02183218,1,19
86,150400.0,26910639.770311877,3,5,53148603.29963815,0,19
86,150400.0,25784140.436091278,3,5,52321628.05341184,0,19
86,150450.0,41063454.42696813,3,5,49323661.85250081,1,19
86,150450.0,43981699.40009735,3,5,52333161.82481769,0,19
86,150250.0,22589405.431594428,4,5,32688494.43201115,1,19
86,150350.0,28774230.219251767,3,5,70883094.9124783,0,19
86,150350.0,21054906.88284164,4,5,84234608.03870404,0,19
86,150250.0,25590904.071163002,3,5,66322383.36685664,0,19
86,150150.0,49161900.00052368,3,5,34624089.8994024,1,19
86,150700.0,42703712.72443682,3,5,9069389.422438662,2,12
86,150600.0,25682144.40506043,3,5,26374133.593869053,1,19
86,150550.0,21778701.259847082,4,5,14057820.877447244,2,16
86,150600.0,24690150.281059217,4,5,49987666.049321175,1,19
86,150700.0,30580878.135721784,3,5,37907531.5882643,1,19
91,150600.0,30390384.562323328,4,4,38617857.45863438,0,19
91,150600.0,36410383.67638876,4,4,38617857.45863438,0,19
91,150450.0,28381710.69768789,4,4,61208632.645600654,0,19
91,150500.0,26210873.140223727,4,4,41506173.4701463,0,19
91,150550.0,21694017.285846226,4,4,57344676.621330686,0,19
91,150550.0,26507616.177874304,4,4,59061231.60556254,0,19
91,150450.0,29322112.508698337,4,4,54037400.46560055,0,19
91,150450.0,23308030.88997729,4,4,60768315.47749704,0,19
91,150400.0,25319859.19685556,4,4,40834645.07715291,0,19
91,150450.0,27287955.115891878,4,4,61542619.92429745,0,19
91,150450.0,38343611.09481997,4,4,56178133.79857698,0,19
91,150450.0,19703183.333669372,4,4,64461834.897444814,0,19
72,150450.0,26891707.781908046,3,7,56847799.96748312,0,18
72,150500.0,31344819.18638978,3,7,34773040.82382959,1,18
72,150500.0,31344819.18638978,3,7,34772041.2663204,1,18
72,150450.0,36029720.839500576,3,7,53455370.51376498,0,18
72,150450.0,27342055.33708651,3,7,31738195.27448151,1,18
72,150450.0,21779561.69406063,4,7,29931295.689556822,1,18
72,150600.0,28082663.598502472,3,7,35010501.604734965,1,18
72,150700.0,34768099.18062023,3,7,31354836.88159657,1,18
72,151100.0,24552260.387942538,4,7,11760492.99433003,2,14
79,151100.0,39611194.700071186,3,6,25363992.498147715,1,18
85,150850.0,35443679.19224011,3,5,31534883.773716684,1,19
85,150900.0,25373478.714290716,3,5,40589768.27395325,1,19
85,150900.0,32869722.942074545,3,5,35351553.54828835,1,19
85,150550.0,16042935.330104014,4,4,68696644.06021447,0,19
90,150350.0,31449120.884566966,3,4,39620170.78392602,1,19
88,150250.0,37786713.676064305,3,4,28105006.039769895,1,19
88,150400.0,33491566.575965464,3,4,20693161.056254033,2,19
88,150300.0,22837684.030107174,4,4,53250164.53975418,0,19
88,150350.0,40528411.494678065,3,4,54060819.16786069,0,19
88,150350.0,40446547.771453895,3,4,27995152.88908284,1,19
88,150400.0,28395656.900506403,3,4,38342096.65641463,1,19
88,150450.0,26570703.12467927,3,4,34536491.78455907,1,19
88,150500.0,33666512.93692583,3,4,35155408.38182134,1,19
88,150500.0,34433807.9086778,3,4,21606408.714014396,2,19
88,150650.0,26937790.36380378,3,4,36967575.46661272,1,19
88,150400.0,31393600.894483563,3,4,27420551.0848719,1,19
88,150300.0,21515787.806719083,4,4,45268722.55202738,1,19
88,150250.0,16516043.825537106,4,4,66457645.00089568,0,19
88,150150.0,18218354.898342695,4,4,56331864.69104594,0,19
88,150300.0,16952888.682684164,4,4,39420856.56374386,1,19
88,150150.0,29909253.76012431,3,4,53661531.80099938,0,19
69,150150.0,25333252.870642673,3,7,55148731.69029826,0,18
69,149800.0,39816984.098083004,3,7,42364234.817927144,1,18
69,149650.0,18815960.985720415,4,7,60206113.843456134,0,18
51,149550.0,25399067.762311395,3,9,25005123.051886752,1,17
34,149700.0,21730341.17314999,3,11,37550804.82906276,2,16
18,149550.0,25399067.762311395,1,12,57708735.27334697,2,15
30,149550.0,15462053.838351833,3,10,61363902.30175646,1,16
30,149550.0,30950898.488945615,2,11,57516831.2906481,1,16
30,149600.0,26636648.692531507,2,11,36245449.08499429,2,16
30,149500.0,35706697.74509079,2,11,24964769.106932078,3,16
30,149700.0,27378726.092259124,2,11,27077705.28331825,2,16
30,149700.0,46517209.51611151,2,11,22839780.607403096,3,16
30,149850.0,27570914.548373327,2,11,43627405.50241929,2,16
41,149800.0,35397766.37696271,2,10,30145538.706635542,2,16
48,149900.0,27366633.98264699,2,10,36095358.342399895,2,17
48,150000.0,28454989.07926484,2,10,31768010.45855447,2,17
48,149950.0,28452476.93129544,2,10,20449103.365610708,3,17
48,149900.0,31083238.9364143,2,10,19263604.649182998,3,16
48,149850.0,30012403.218290567,2,10,56488425.60586613,1,17
48,149750.0,21193490.35147537,3,10,61868490.30076469,1,17
48,149500.0,36910201.70794401,2,10,26304623.04454125,2,17
48,149450.0,43825762.25219324,2,10,25712907.99368534,2,17
48,149400.0,21069892.878534935,3,10,39238044.70493155,2,17
48,149400.0,31154495.24356675,2,10,37998109.639614865,2,17
48,149400.0,28540495.35542458,2,10,39238544.53772465,2,17
48,149400.0,22809891.370361306,3,10,36249044.81644937,2,17
48,149300.0,24533052.49388575,3,10,36063782.815051004,2,17
48,149200.0,49848721.5412236,2,10,36647694.892374866,2,17
48,149200.0,48357221.59709788,2,10,37797804.38586411,2,17
48,149400.0,29735337.226764552,2,10,35346148.659125395,2,17
48,149400.0,49752756.20425137,2,10,19310614.240442604,3,16
48,149450.0,37486020.820893556,2,10,26225587.47819697,2,17
48,149600.0,31409366.637849346,2,10,20479292.932478417,3,17
48,149650.0,27388567.397001397,2,10,24655679.045306418,3,17
48,149650.0,33571600.479762174,2,10,28919449.643440053,2,17
48,149650.0,25594267.81499147,2,10,29468441.26418922,2,17
48,149450.0,35235756.69129516,2,10,27883504.341505952,2,17
48,149550.0,38161489.337753594,2,10,31332626.38284172,2,17
46,149600.0,27707981.712369815,2,10,29700275.859850746,2,17
46,149600.0,32358736.51131777,2,10,21463405.60020259,3,17
46,149650.0,28006250.41252775,2,10,26238002.636282504,2,17
46,149650.0,35983583.077298455,2,10,29917616.22662036,2,17
46,149700.0,41466405.304137036,2,10,38393282.55820173,2,17
29,149700.0,46702904.579847604,2,11,22833963.368051372,3,16
29,149600.0,35473902.89925682,2,11,25158062.000336975,2,16
29,149600.0,33480236.45559488,2,11,26205761.91126196,2,16
