bid_liquidity,ask_liquidity,avg_price
2940327.1485331296,2112396.458553916,146900.0
2456006.584867831,2466036.598769027,147000.0
3258512.569959884,1975088.5786887908,146850.0
1969729.2318198523,3274997.455468785,147150.0
1978840.0071017481,3298742.1972886017,147350.0
1976401.2858051532,3298864.887059942,147250.0
1858268.0649068558,3711514.2330901083,147200.0
1858268.0649068558,3711514.2330901083,147200.0
2463237.146554708,2473269.5977484984,147000.0
1859435.6363577077,3711514.2330901083,147200.0
1848892.633782205,3697289.728031995,147000.0
2269894.68610851,2691473.8999557383,146850.0
2680664.4866786655,2281030.9371016044,146850.0
1969230.9334045958,3272775.2315199603,147050.0
2107356.7064778544,2968362.8162353653,147000.0
1977017.5906728178,3295803.3433721885,146950.0
1977604.8905309255,3307148.983594562,146950.0
2278454.0579091567,2713831.4016379714,146950.0
1845119.4939064556,3709615.317785913,146900.0
2685093.718096382,2295148.1945031425,146750.0
2465826.737219454,2490214.736795638,146800.0
2277361.9286275897,2715090.4738307223,146950.0
1981265.2598334462,3735767.316111226,147100.0
2233892.5629089186,3029931.9224088364,147100.0
1623682.0315148556,7476789.61269208,147100.0
1559737.2949519027,7428962.115806146,147100.0
1396221.4500767684,14758947.182734704,147100.0
1700209.945895815,4978781.876803359,147100.0
2198812.697820367,3008183.606006707,147100.0
2198812.697820367,3009729.655666689,147100.0
1913831.4064579227,3746334.555540525,147100.0
1913831.4064579227,3747041.0436218507,147100.0
1990032.510273371,3326661.5781440563,147050.0
1991206.9095359463,3327735.7767542605,147050.0
1770366.5285227145,4261059.858046672,147050.0
14637085.17120423,1480338.2127336434,146300.0
14637085.17120423,1425604.0160248494,146300.0
2451772.5149436197,2484915.505319958,146800.0
2282849.091772893,2728442.704785715,146750.0
2460559.173273973,2502006.8998756693,146600.0
2950721.612399158,2158526.211213306,146700.0
2462969.7705727676,2517013.309591586,146800.0
2686038.0882711783,2319400.884597993,146750.0
2686849.3639377877,2373544.0808005263,147050.0
2740364.88237574,2379853.7206860296,147050.0
2740364.88237574,2379853.7206860296,147050.0
3744042.3735611076,130711.67133270412,147100.0
2160491.653541032,3024220.0219797017,147100.0
2524497.2557016113,2514696.033663306,147000.0
2523518.2560420944,2518129.532474041,147000.0
2524007.755871853,2517639.032643936,147000.0
2524007.755871853,2517639.032643936,147000.0
2522819.2850023275,2517639.032643936,147000.0
3053819.7722320543,2144456.642920132,146900.0
2812728.7983644367,2425406.1440961873,146850.0
2804376.8540720292,2458625.1596037485,146850.0
3406062.7011077306,160758.98406599252,146850.0
5104021.173227005,229963.3526649702,146800.0
3124780.5721328277,224986.62550817776,146800.0
3859514.6414288245,224986.62550817776,146800.0
3858047.6416560453,224986.62550817776,146800.0
3858781.1415424347,201913.0526662066,146800.0
2619910.724203434,2698138.4824972902,146800.0
3858781.1415424347,179463.12726735187,146800.0
2518770.6896588174,2877913.2740969844,146750.0
3525719.253970218,211080.09238670146,146750.0
3112059.796849482,214732.1133760905,146800.0
3112548.6300123413,211793.11439684726,146800.0
3112059.796849482,211793.11439684726,146800.0
3112059.796849482,211793.11439684726,146800.0
5103154.877967603,211623.8454647303,146800.0
4352962.797231306,164596.4294726592,146750.0
4380342.128178422,167196.8498113768,146750.0
4379364.294930311,167196.8498113768,146750.0
3837268.4789643893,214543.3712606708,146800.0
6055529.887845755,167192.02745177865,146750.0
6039485.218847662,167196.8498113768,146750.0
4361350.733728995,167192.02745177865,146750.0
7515226.743282006,214543.3712606708,146800.0
7512291.743395578,214543.3712606708,146800.0
10013341.52462229,316714.50179656514,146850.0
29452200.826703016,481194.1628777054,146950.0
7290247.718190421,1704696.90147639,147500.0
7434372.920649762,1630789.765526584,147400.0
14792788.071016192,1571995.684696354,147500.0
9877795.303147724,1716746.769961539,147550.0
9880154.102582466,1716746.769961539,147550.0
9878974.702865096,1716746.769961539,147550.0
9897097.348368013,1801277.6739197588,147550.0
29571307.313777883,2358605.589987537,147650.0
29571307.313777883,2339397.4540159325,147650.0
6054960.1317982925,1030520.7185890434,147650.0
9876721.317386359,1802121.8163820235,147550.0
4956899.943779034,1799080.130304218,147300.0
7412920.638602782,138139.24855195984,147200.0
14773814.160541013,204572.0371348345,147300.0
14784491.412298832,202728.2882647781,147300.0
14740074.320784647,313325.7651110654,147500.0
9852034.7379781,369402.1918602764,147550.0
29590373.258953042,1025968.3040483921,147650.0
29657071.24928554,965475.0682218708,147650.0
14814020.183756413,515510.9531929155,147600.0
9884871.701451952,349020.7382685606,147550.0
9931867.464248007,1756904.8646044708,147550.0
9930688.064530635,1756482.7933733386,147550.0
9895965.578924906,1775293.3784935276,147550.0
9902766.93396632,1765344.290580506,147550.0
9902766.93396632,1775293.3784935276,147550.0
9880154.102582466,1775293.3784935276,147550.0
9897097.348368013,350334.2928090588,147550.0
9880154.102582466,1765344.290580506,147550.0
5939625.95916868,1745704.5363075498,147450.0
7411387.342273859,138478.05911214973,147300.0
4246211.193184903,1834277.4487738686,147350.0
7412254.040863886,1596608.1102121277,147400.0
4957201.521173359,1767953.1011701974,147400.0
5944293.312851513,1667359.3225689826,147350.0
5943452.313247867,1667359.3225689826,147350.0
2314751.172739447,2797457.92740211,147350.0
4973859.238291753,1692679.9559400151,147000.0
6231947.861829604,174830.64282104827,146950.0
6233205.932662024,173654.04310434964,146950.0
6233625.289606165,170712.54381260308,146950.0
10206314.145618603,170712.54381260308,146950.0
29799648.04641276,163927.11005843367,146950.0
7432033.129818548,59493.145235615564,147200.0
4997722.670609702,1731846.919796494,147300.0
4989492.760727326,91534.5806392372,147300.0
5969318.241004996,1663986.3248282466,147350.0
4995623.758462022,92762.08092162857,147300.0
4285317.674300867,1852362.6657141154,147350.0
4307308.528842095,69981.7169498955,147150.0
4350242.680636581,1819476.372343202,147050.0
5101103.251143303,1704583.9690793976,147000.0
3824670.184881275,1917574.1990392164,147000.0
3824542.928471194,2038155.1943920257,147000.0
3824175.9286982603,2038155.1943920257,147000.0
3820476.426481243,2025222.3961482053,147000.0
3820476.426481243,2025222.3961482053,147000.0
3808720.4269348993,200467.90580502606,147000.0
3808720.4269348993,2066612.8788881118,147000.0
2792288.241569396,2420831.1882612235,147250.0
2748332.178289544,2444395.188034874,147250.0
2338860.912956592,2853761.467102422,147250.0
2338607.327372327,2853761.467102422,147250.0
3372754.810010985,2059343.2217756577,147050.0
3372754.810010985,2059343.2217756577,147050.0
3373081.0875333566,2058362.3885272846,147050.0
3370640.361452499,2058362.3885272846,147050.0
5986768.225796847,92699.96131149416,147050.0
4287158.052187881,111902.38552429056,147150.0
4288417.837306828,107778.68651450003,147150.0
4276695.06794817,124284.31241359375,147250.0
4276695.06794817,124284.31241359375,147250.0
4276695.06794817,124284.31241359375,147250.0
4977912.470424315,141528.32249867765,147300.0
5944339.426836562,111186.42510929702,147250.0
4287240.636909598,1810830.7650447567,147150.0
4286315.19340003,1820845.462639962,147150.0
4285475.336654066,1824380.0617912111,147150.0
4287393.407550492,1860544.51395838,147250.0
1898315.3786409544,3864355.247006726,147400.0
3036710.5283662714,2252286.5610005846,147200.0
2545455.4940204998,2607180.814940351,147200.0
2557660.093478073,2604235.815053543,147200.0
3770062.4946905556,145905.87155507968,147200.0
3035828.8292169017,2253759.0609439886,147200.0
3772123.29679268,137070.87189465598,147200.0
3353150.7647760366,132736.28247555863,147250.0
2563733.854076681,2573313.31624206,147200.0
2584600.7339451076,2571840.816298656,147200.0
4309853.594724584,140593.6151301273,147250.0
3374932.3923315555,140593.6151301273,147250.0
3818325.629837063,114983.37274359672,147200.0
7458975.245549254,114983.37274359672,147200.0
3345347.8148333514,2110057.9686194314,147350.0
3760502.468851491,126563.81041313345,147300.0
3759399.219531301,130985.80973470886,147300.0
2770697.305603426,211263.30769887829,147450.0
2730323.3646930917,2530014.761291408,147550.0
3367662.233486629,181154.01625381078,147450.0
2725009.8426671815,2566430.9239224037,147550.0
2851422.4270560364,2355940.507327005,147150.0
2762486.6321695154,2389300.662308213,147250.0
2762486.6321695154,2389300.662308213,147250.0
2762486.6321695154,2389300.662308213,147250.0
90217.02334397711,2801189.337829914,147250.0
2586384.1572167724,2585266.098335948,147200.0
2583057.631656043,2585266.098335948,147200.0
2584527.130238327,2585266.098335948,147200.0
2163125.4359175423,3090851.34385186,147400.0
98631.31166728899,2768166.6805750257,147250.0
110454.18230913149,84900.14195342094,147200.0
2567190.0658393884,84163.64206656886,147200.0
2567190.0658393884,79008.14285860433,147200.0
94267.68293203818,79008.14285860433,147200.0
3769265.415358481,79008.14285860433,147200.0
2704947.6837773495,2442936.745104887,147450.0
31987.20569087742,2831740.8985466883,147450.0
2749757.3338665897,124308.55359362991,147350.0
3031176.0378883984,108618.82047062564,147300.0
33485.141877405185,3133160.4383937167,147500.0
337271.2244006756,3065935.758945748,147400.0
335211.1263827811,3077731.7584936065,147400.0
610017.395785338,141512.68581543097,147350.0
610017.395785338,3420954.589177506,147350.0
331236.82893043285,3065935.758945748,147400.0
613061.2044336105,3420954.589177506,147350.0
2497503.42368714,2836071.9632447534,147450.0
234313.15750440586,3455474.0641341587,147450.0
333759.1895353592,3845128.7071121763,147400.0
330648.2294967487,3846603.207055659,147400.0
328854.8617528464,3848077.7069991413,147400.0
328854.8617528464,3848077.7069991413,147400.0
328854.8617528464,3111077.143365957,147400.0
2915245.782012467,2446015.4440000663,147450.0
168478.53705897342,5133731.756406459,147500.0
604862.3353119709,3455214.11300864,147350.0
160736.2853026601,3176220.758239472,147500.0
326069.8217361601,3860114.8751338767,147400.0
326170.0907267636,3121639.81155721,147400.0
2270413.8571294458,3173268.7586911423,147500.0
3826341.0468995846,101557.16054446687,147200.0
184368.15863527497,3354698.102443322,147150.0
2855659.440265608,2366063.375937766,147150.0
173213.94755196385,3355679.602358418,147150.0
175172.94602056933,3353716.6025282266,147150.0
262889.54870766413,4347124.409563851,147050.0
259671.95468916738,4347124.409563851,147050.0
259671.95468916738,9973485.743372828,147050.0
338410.54057282064,5945891.641474726,146950.0
255395.91202119124,7471971.0669992,147000.0
343301.37007244705,6040538.621205851,146950.0
346005.11593482393,4361621.637601276,146950.0
255395.91202119124,7505808.060427894,147000.0
343301.37007244705,6028780.621319218,146950.0
272777.3707531016,6042299.351336511,146950.0
294949.13115140796,6141952.772571253,146950.0
294949.13115140796,6139013.272599594,146950.0
294949.13115140796,6139013.272599594,146950.0
232232.8997523638,7560905.256770171,147000.0
204548.5200461902,6084082.990579183,147050.0
202774.582458587,6104671.492871057,147050.0
288754.08045188116,6136073.772627936,146950.0
237809.39435769693,7533453.312191165,147000.0
237809.39435769693,7533453.312191165,147000.0
288754.08045188116,10020395.71549063,146950.0
288754.08045188116,29631176.010365803,146950.0
288754.08045188116,29637055.01030912,146950.0
489852.1640577571,29230182.9952538,146750.0
412913.8803972081,6029622.907790169,146750.0
413332.6659125056,29442899.206133068,146750.0
272495.44903114025,14791977.283442339,146800.0
272495.44903114025,14797853.282534696,146800.0
211487.45412597922,9894838.221160568,146850.0
211487.45412597922,9894838.221160568,146850.0
137282.69336188294,4312982.798447277,146950.0
127826.41296343783,5041926.7405952085,147000.0
127826.41296343783,5039964.741274789,147000.0
127336.91313367947,3814964.175730642,147000.0
127336.91313367947,3808004.6740911724,147000.0
135410.90813822078,5038002.242350481,147000.0
135410.90813822078,5038002.242350481,147000.0
1947571.0649600306,3775669.925771413,146900.0
82798.4333961516,3817167.177485342,147000.0
77658.80404557545,5037922.531222616,147100.0
1920666.907663042,3734244.6117587173,146900.0
49015.32503991616,5041433.911614913,147100.0
63483.392623202875,6001284.983475824,147050.0
114143.4905348124,2770475.897367059,146850.0
95550.99306248741,2781453.0134539804,146850.0
95550.99306248741,2777713.0144169345,146850.0
62126.44804274166,3742510.190289761,147000.0
2017970.483694599,3358514.1563954633,146950.0
2983175.056947443,2235242.467450158,147100.0
1884333.3492013772,3811315.589215123,147100.0
1875671.7780532136,3799834.881653754,147200.0
43792.79309805086,4346139.312004549,147250.0
1882668.469479973,3905446.0801101425,147400.0
1879723.4704986468,3911711.5819707382,147400.0
1677945.678624166,5140045.479319758,147400.0
42962.090251410154,6088875.500575578,147350.0
2716087.2031118334,2372714.1253768196,147050.0
1869979.439077735,3839253.2870860314,147300.0
2137500.678873361,3101277.7239737953,147300.0
2014157.3090227938,3541107.850516805,147450.0
2014157.3090227938,3540779.6841040743,147450.0
1884115.3342134014,3909008.2481866516,147400.0
1884115.3342134014,3904414.2793210563,147400.0
1816444.178155533,6419515.338940883,147550.0
2004655.5970007402,4733229.061023572,147550.0
2236107.1452513007,3716123.568071123,147550.0
2004655.5970007402,4687271.275168887,147550.0
2004655.5970007402,4648479.704304938,147550.0
2236107.1452513007,3684123.4840669953,147550.0
2551121.7403265513,392882.5512874336,147550.0
2611036.0878227884,3104427.504803544,147550.0
1836244.2646514007,6292328.2019204665,147550.0
2231462.895317123,3682435.199142466,147550.0
2004655.5970007402,4614580.028516394,147550.0
2004655.5970007402,4647635.561842673,147550.0
2004655.5970007402,4648057.633073806,147550.0
2248454.50618785,3676768.902532933,147550.0
2248454.50618785,3683701.412835863,147550.0
2004655.5970007402,4648057.633073806,147550.0
2963849.5801393404,392225.7740171845,147550.0
2226739.0217351695,3584563.2875472484,147550.0
2004832.0931196043,4524813.158321497,147550.0
1998360.1278433907,4551223.897606601,147550.0
1998360.1278433907,4551814.597465524,147550.0
2513249.0330616017,2579415.367351436,147300.0
2162534.1791015808,3070415.930985114,147300.0
2164006.6790449847,3069825.7315498944,147300.0
2314658.032469308,2788328.4315003958,147250.0
2350548.255851591,2816607.7058586976,147350.0
4293626.881344265,132519.90148375247,147350.0
3363780.59196407,255135.2243858538,147550.0
6045902.83475933,255135.2243858538,147550.0
29207222.79377835,233044.47811765355,147750.0
14616616.468737207,211360.79694783397,147800.0
9918292.322619064,203357.826376664,147850.0
29685288.745058622,130736.54829009034,147850.0
14869560.527274152,103142.19594042354,147800.0
29759201.244353868,135672.37782467148,147850.0
6096841.590405889,135343.32252236607,147850.0
29568853.20921514,454671.95271217806,148050.0
29672162.67336677,435909.4543155394,148050.0
29660320.673479386,397409.9546814148,148050.0
29696974.364845682,403810.95040973887,148050.0
29309993.137151696,233698.7513709022,148250.0
14887578.650663134,202360.9243676798,148200.0
29677585.130963955,265276.8391345117,148250.0
14860104.887108939,339794.94511220645,148300.0
14895385.771887157,340289.7782771328,148300.0
29711268.70922437,612454.8079145295,148350.0
29202568.64908649,193352.6603809488,148450.0
29800265.808784828,205712.00499794955,148450.0
29732179.02311795,204862.71967615015,148450.0
29732179.02311795,204862.71967615015,148450.0
14789354.633495297,239123.59658097228,148700.0
14891048.207571758,241601.93047377616,148700.0
14896626.961333748,241601.93047377616,148700.0
14896626.961333748,208876.93170621953,148700.0
29357390.209942367,115092.2810193424,149050.0
9809695.450586155,1537117.5722828025,149150.0
9983073.70056109,132074.25791661345,149150.0
4998359.263221872,1737138.1938137226,149300.0
9975895.586831696,61543.26410352845,149250.0
7485213.105994124,1575311.1688759169,149300.0
5999434.7342668995,1655693.210581014,149250.0
7498345.360020569,1562315.1455581377,149200.0
4305511.441824845,1828116.5941606774,149250.0
6009891.498483386,1622449.8489276394,149050.0
4305229.495463574,1804298.9211873182,148950.0
7494917.31103241,1538376.4013846726,148800.0
7490742.889168416,1538376.4013846726,148800.0
7491634.188326947,1538376.4013846726,148800.0
7501095.288114112,1532655.4126903347,148700.0
14936095.849099021,1424542.7985256223,148700.0
7511627.206858359,1532655.4126903347,148700.0
6032186.8574906215,1618900.7064422874,148650.0
6030914.215222804,1619495.8063022548,148650.0
7530109.410506282,1542671.772860397,148600.0
6016538.713542442,1612271.9087621593,148650.0
6024036.343203588,1622638.1933874083,148650.0
7520700.576442139,1548120.440758744,148600.0
2531918.0360310753,2544933.299331936,149000.0
4330489.045330649,1806963.5751641945,148750.0
5020611.261526205,1694235.7484983671,148800.0
6030406.107669027,1607019.6069605008,148750.0
7519948.838317072,1549811.3375198925,148800.0
7520692.33820499,1549811.3375198925,148800.0
7521435.838092908,1549314.837687734,148800.0
6026349.846065646,1624884.1399312567,148850.0
6026349.846065646,1624884.1399312567,148850.0
6023087.948412724,1631057.1438339858,148950.0
7516758.636095393,65106.9532012024,149000.0
14962603.912379341,91780.31179069693,149100.0
5050147.341971878,64520.09103115977,149200.0
6048272.882867374,58344.01498193509,149150.0
7534329.902004438,64520.09103115977,149200.0
5045390.286222719,1744466.9164363008,149300.0
5046136.286111012,1744466.9164363008,149300.0
10003079.829511087,75068.00079783228,149050.0
4337570.439314735,70457.46871983694,149150.0
4339358.738895344,67897.61274891999,149150.0
7531158.526134168,101631.78802119523,149400.0
7531158.526134168,101631.78802119523,149400.0
6036493.855762507,87863.64761550706,149350.0
6024555.858554712,75905.65040304746,149350.0
6032653.926268411,1654883.1730737658,149350.0
5048875.468303297,85187.78991673978,149400.0
6031801.498088022,1668036.9700074715,149350.0
7489351.5307100555,71732.79192343207,149400.0
7527920.524849326,74723.79092042106,149400.0
7541850.994415974,1568610.7316991661,149400.0
15008085.590426143,1596020.0948795432,149700.0
7544568.684449728,1632549.5614579031,149600.0
7547558.684003796,1641257.6288887914,149600.0
7544568.684449728,1641257.6288887914,149600.0
5040264.124021699,1752832.916657653,149600.0
7526743.791525781,1596334.1430793235,149600.0
6031992.167297017,1678541.679326468,149650.0
6032846.309763905,1678541.679326468,149650.0
6021653.441038401,1678541.679326468,149650.0
7530734.627817676,1603388.8169855315,149600.0
3839968.2417984977,2089646.9247900678,149800.0
7581389.373154437,1681605.1074005503,149800.0
7579892.873655607,1672867.7715678315,149800.0
7581389.373154437,1681605.1074005503,149800.0
7602195.361088345,1671868.1052346095,149800.0
7602195.361088345,1671329.312343816,149800.0
7602195.361088345,1720243.0765679304,149800.0
30043059.163677543,1512779.106527983,149850.0
7629161.363761216,1653770.2861240432,149800.0
7605187.359974923,1653809.2458482254,149800.0
7631384.856078252,1653809.2458482254,149800.0
7606087.868812346,1664046.0811807774,149800.0
7606087.868812346,1664046.0811807774,149800.0
7606087.868812346,1664046.0811807774,149800.0
7626893.856746254,1654309.0790148363,149800.0
7626893.856746254,1654309.0790148363,149800.0
7606087.868812346,1664046.0811807774,149800.0
7626893.856746254,1654309.0790148363,149800.0
15023393.544126859,1725220.4333200844,150100.0
10058169.3610627,1638228.975024148,150050.0
3830067.1856316957,2049877.0187159,150000.0
7570686.836632897,1643882.706602269,149900.0
6073496.166860098,1740631.8847525357,149950.0
6070473.9091515355,1740031.5848913551,149950.0
7568655.326692504,1674875.9142336948,150000.0
7558155.324355293,1690410.3478076502,150000.0
3824393.208517351,2065411.4522898553,150000.0
3408587.7543057054,2170312.313887979,149950.0
5032906.017534302,1789108.7938020413,149800.0
4340113.642321254,1891214.73031416,149750.0
4340540.999269115,1890215.8970642565,149750.0
7547733.301026046,1619143.5017521288,149800.0
2827392.293593444,2777840.155974503,150150.0
3371239.4355106517,2111633.838872459,149850.0
5041807.780336135,1814869.9268156174,150000.0
5073237.17496782,1900902.0801939464,150100.0
10149447.532410163,1826772.439523083,150150.0
15032160.880514061,1528225.9020124464,150100.0
10137432.5314106,1693503.4533267056,150150.0
7555456.896684885,1601254.6211597868,150200.0
6049011.428011346,1700855.3719935836,150250.0
6042231.114511349,1696647.8709697202,150250.0
6041630.614650123,1697077.6564901108,150250.0
5041714.671466082,1756880.1722906947,150100.0
5041714.671466082,1756880.1722906947,150100.0
7549224.036229442,1644322.8115870603,150300.0
7553052.590206524,1694798.221077882,150400.0
7547701.064128588,1635833.6105177249,150200.0
7537499.626024863,1689442.804938163,150300.0
10048903.096743068,1641986.9715511408,150350.0
4328295.771505979,1918144.109880916,150350.0
5044768.069493144,1820865.3763710402,150300.0
4321566.316763764,1935349.9425039194,150350.0
4326664.900548988,1935349.9425039194,150350.0
2762273.6844839887,2462398.6065664226,150350.0
6032511.528305065,1660902.6986898407,150050.0
7534557.834923035,1583413.3926851249,150000.0
7536806.3345894795,1582912.8928516253,150000.0
3363153.7535415348,2091434.3624028594,150250.0
4326204.394713147,1897240.2792174271,150350.0
4324401.69512919,1886039.4003703448,150350.0
4310824.868526347,1846811.976610481,150150.0
5036712.3375764135,1750108.1828216775,150100.0
5035962.337687524,1750108.1828216775,150100.0
7536056.8347006645,1574257.2358842732,150000.0
7536056.8347006645,1574257.2358842732,150000.0
6034310.627888189,1641464.200194183,150050.0
7546883.227801302,1577325.3522985585,150100.0
5044466.005133195,1744604.5149356457,150100.0
10037793.490486711,1524344.5094288525,149950.0
7542306.335813733,1601779.2297784497,150000.0
7544554.835480177,1601278.7299449502,150000.0
5058127.950831185,1749771.0708747657,149900.0
7559464.635307349,1570773.5372176538,149800.0
15033772.209809856,1493740.123111113,150100.0
10110415.032771004,1588064.2942300467,150150.0
15114688.377459547,1476783.1681366693,150100.0
15110186.877626156,1479340.513800752,150100.0
15026158.88073621,1472155.0807086043,150100.0
15114688.377459547,1504445.5899157503,150100.0
30070945.681870025,1505450.3457638617,150150.0
29776103.587618776,1505879.8455698376,150150.0
15062635.449545719,1504821.3396939717,150100.0
15062635.449545719,1512963.7430368655,150100.0
15061135.44976794,1512963.7430368655,150100.0
6067601.940611557,1695336.061064903,150050.0
7563706.800015101,1608261.8877375312,150000.0
7574279.828195826,1608261.8877375312,150000.0
7597434.295011761,1588748.8906244927,150000.0
5073477.085985647,1729907.8845838173,150100.0
3382779.4879101063,2084380.9808473755,150250.0
3384942.2150367294,2167702.4312971258,150250.0
3795389.7633831655,2068481.4157354424,150300.0
3043889.2072720868,2337626.8244602135,150300.0
3384513.429516791,2167702.4312971258,150250.0
3370068.3118288293,2168704.597880639,150250.0
7556874.520388019,1648338.908891656,150200.0
7555787.163751304,190938.68206053233,150300.0
30122164.14683094,507768.4426212324,150450.0
29990495.611253284,442564.37329227786,150550.0
30065393.86612116,446524.20863636525,150550.0
6070145.473192283,176075.92828454653,150450.0
10082146.027830249,173229.31760023936,150450.0
3387930.4628676637,172798.96065102002,150450.0
3804874.407534942,74305.90468375658,150200.0
2351138.090245148,2793670.710315172,150250.0
3395330.7252395465,40587.05533145287,150050.0
5053339.826912817,58817.593425879146,150100.0
6089401.278264102,36169.89907964268,149950.0
6064943.2220343,40587.05533145287,150050.0
6064943.2220343,40587.05533145287,150050.0
3373167.807623572,2055164.0833437785,150250.0
3808882.241811811,42222.255471274315,150200.0
4345646.110188452,61097.2861400049,150250.0
10069790.13374594,54082.120055412306,150250.0
3803545.017873766,68892.04762739285,150400.0
3806926.645050641,1929804.0632868472,150200.0
4354750.306189898,40530.56736911756,150150.0
3043881.9654090605,2186009.2417574245,150100.0
3395841.091306246,2038295.8543670715,149950.0
3386202.0835396815,2049792.7092497088,150050.0
2536010.991761673,2537969.509525351,150200.0
2068663.911231944,3370833.420359438,149950.0
88981.60367284212,4352178.794107659,149850.0
2393965.1862044227,2788432.438727927,149650.0
2191765.234358349,3053772.8527711486,149700.0
1787011.982278818,4309482.299761537,149950.0
2203404.9976909533,3071743.342797301,149700.0
2325507.598991427,2759691.2736282256,149550.0
2525725.2962393123,2532853.2789217806,149500.0
2749491.993518304,2336801.339334,149550.0
3354404.402000976,2027003.1503192782,149450.0
2331211.6802939433,2756714.1340832445,149650.0
3355058.7612199737,2030709.1963809042,149650.0
2733657.322330673,2341651.030328459,149750.0
3762377.8773017484,1899949.147788631,149600.0
3773045.9982247306,1913390.5368501393,149700.0
3774585.11347489,1916260.0825482851,149800.0
3774585.11347489,1916260.0825482851,149800.0
4306108.797718974,1801622.1002601013,149750.0
3025043.9397117356,2177958.531457641,149700.0
4311344.285161925,1800508.215660456,149550.0
3362146.8548141234,2030337.7250935165,149350.0
3366030.467611585,2028189.5144254984,149250.0
3777454.5582628115,1902543.4815949062,149200.0
3777454.5582628115,1902543.4815949062,149200.0
3777951.3914284157,1902543.4815949062,149200.0
4317313.553725554,1795112.6926260528,149150.0
3784512.729347606,1899437.9855197002,149100.0
3799240.400429527,1905800.5224057182,149000.0
4320048.200806494,1792379.7127139512,149050.0
5051673.48111951,1692354.0964464708,149100.0
3778448.2245940203,1902045.6484289647,149200.0
3778945.057759625,1902045.6484289647,149200.0
4310998.282401179,1796876.5018215254,149350.0
2559118.4209147803,2559616.1352482927,149600.0
2345797.1372986673,2770150.798959391,149650.0
1810634.540899971,4326953.437301185,149650.0
2831221.7502581165,2420647.995060289,149550.0
2561372.9409920624,2566813.155335494,149600.0
2564587.3419445045,2526407.6568390536,149600.0
2365187.348056473,2782940.9118716298,149650.0
2191568.1883762097,3043867.713835872,149700.0
2365187.348056473,2780944.578705269,149650.0
1795046.9315172941,4306961.323153746,149850.0
2186511.2259399393,3031126.2313092644,149700.0
2360699.625407954,2765364.9969569696,149650.0
2360699.625407954,2764765.897096067,149650.0
1790003.4434004445,4306961.323153746,149850.0
2161927.5807448467,3028264.703877431,149800.0
2170537.5170507547,3037826.4445572807,149800.0
3017237.6477283128,2164244.116787248,149600.0
2764001.6517613595,2333196.846360113,149550.0
2532754.533550991,2522802.8169420557,149600.0
2532754.533550991,2522802.8169420557,149600.0
2362229.657631804,2748078.459611533,149450.0
3369442.8750589644,2023471.2886354735,149450.0
2764599.351621936,2333196.846360113,149550.0
2348414.4134677937,2747650.9598064646,149450.0
2565101.492046536,2524028.9833725933,149400.0
7526827.74954542,1528525.263944001,149400.0
2765197.0514825126,2332341.275321145,149550.0
3381317.9647320798,2032400.4802469027,149450.0
3044652.9796994035,2180175.7342862366,149500.0
2754253.4126693774,2346240.9099136316,149650.0
2760975.4930116055,2350779.2963010175,149750.0
2760975.4930116055,2350779.2963010175,149750.0
2547856.5107920635,2548702.4407289457,149800.0
2547856.5107920635,2548702.4407289457,149800.0
2173611.7132490864,3083148.6682891035,150000.0
2334965.205168497,2805841.922465355,150050.0
2757198.70450095,2386721.7894479386,150050.0
1897525.9087310778,3832060.674045418,150200.0
1701069.2832431775,5077876.3853880605,150100.0
47101.23145107488,6117178.86618163,150050.0
44008.47068545753,4348113.836144383,149950.0
32654.29736401517,4356115.168811162,149950.0
32654.29736401517,4354114.835644467,149950.0
32321.575392252285,4354114.835644467,149950.0
32321.575392252285,4354114.835644467,149950.0
32321.575392252285,4354114.835644467,149950.0
32321.575392252285,4354114.835644467,149950.0
32321.575392252285,4354114.835644467,149950.0
32321.575392252285,4354114.835644467,149950.0
2026650.7302130999,3402050.7893204316,149950.0
1598902.919523445,6067669.4995573955,150150.0
1700194.7002989368,5079128.21844404,150100.0
2168116.7289009835,3083581.682533737,150000.0
1902248.6983851562,3848958.18648433,150200.0
2539979.502485912,2592416.802126916,150200.0
35536.837841555134,3479464.937456957,150350.0
36137.7377028742,6161350.655217597,150350.0
2529530.403064176,2628291.5520481607,150300.0
2036202.1923049274,3561404.653156238,150450.0
2343442.4636453018,212069.30937218198,150450.0
2342439.963728427,242509.13996537158,150450.0
2342439.963728427,240555.4570165437,150450.0
2342439.963728427,240555.4570165437,150450.0
40431.97139684863,4544124.949209921,150450.0
45073.31833114415,3933833.9908444523,150400.0
2184131.8599697226,3187360.0985584813,150400.0
2332817.165058711,241218.06911771357,150450.0
34695.540385307446,4477840.412463757,150450.0
34695.540385307446,4474828.913155549,150450.0
1801482.7038570668,4469445.366869695,150450.0
1866322.8724009658,4714248.569078624,150550.0
104267.20986200955,3747764.8082952676,150550.0
71599.46834883484,4714248.569078624,150550.0
2376145.0720704445,396178.39736572333,150550.0
1850208.7994179921,4698596.578181853,150550.0
72363.16631811365,3695019.857936584,150550.0
71933.52365493061,3749965.1937913923,150550.0
2395187.287576323,378881.0319873251,150550.0
2832118.94653674,356411.0172763054,150550.0
2119388.964379782,3700941.08573581,150550.0
1890946.1643952737,4642483.618512509,150550.0
72363.16631811365,6382642.876660954,150550.0
71710.71399087981,6428583.13595986,150550.0
60138.994816698374,6430591.469127219,150550.0
60138.994816698374,4710019.4881311115,150550.0
60138.994816698374,4666891.495001084,150550.0
2809595.271776693,337485.73034508695,150550.0
4371834.64643052,133895.07463023893,150550.0
3397376.9955372247,144182.02406704318,150650.0
3866716.5939463805,97061.87551496117,150600.0
2885089.570965032,140003.02572377367,150650.0
3110705.0390569097,121165.874629897,150600.0
3490764.4946795674,188219.0252813399,150650.0
3490764.4946795674,193770.06756073964,150650.0
3419897.910068435,233654.97157053955,150750.0
3455713.203690499,194916.05466885766,150750.0
3112533.961598201,120082.91096306598,150700.0
3482843.703441625,116629.60898392781,150750.0
3112533.961598201,74078.79540390884,150700.0
2806759.368372628,2392126.309862312,150850.0
3076860.8168653315,36299.23538737291,150800.0
3076107.316975927,38564.234062870346,150800.0
3076860.8168653315,35921.73560812333,150800.0
3409910.097158579,111838.81069322326,151050.0
2789373.9408828868,2413534.024149655,150950.0
3067448.2440628405,96669.26980095587,151000.0
3066693.744173289,98937.26847820426,151000.0
3067448.2440628405,97274.26924999135,151000.0
3822175.2533522327,97274.26924999135,151000.0
3409910.097158579,97256.28622455668,151050.0
3066251.5533998646,107576.53083582461,151100.0
3059017.4084625053,2249000.561621602,151000.0
2786805.976871437,2425948.92680566,151050.0
2057207.5214655753,3438019.858653092,150950.0
1945361.789116734,3807563.574836689,150700.0
2083998.5434415278,3401069.5330462037,150650.0
2813497.5852474775,2370593.103992574,150650.0
2795478.152660592,2391457.6328997123,150750.0
2572937.4289003843,2560205.3644486144,150800.0
2807269.2751575564,2389819.4190834174,150750.0
2218362.573098631,3062107.854466614,150700.0
2399279.3038311796,2782528.042251995,150650.0
2392528.3568566926,2783131.1421138197,150650.0
2095657.9871715445,3391215.462266856,150650.0
2602193.6564802546,2565855.1770946067,150600.0
2214974.32376279,3063364.6875236975,150700.0
1923846.1847151155,3820090.1768273874,150800.0
1959260.9815738373,3839217.7557682167,150600.0
2001400.9753722954,3839217.7557682167,150600.0
1868541.3723205181,4342553.144215072,150650.0
1765428.6762919265,5081961.001209048,150700.0
1959921.8118889977,3848318.787537684,150800.0
1582920.7000386063,7618319.89055828,150800.0
1765428.6762919265,5080453.501264329,150700.0
1764926.8431246511,5083469.5008222405,150700.0
1764926.8431246511,5182209.997449966,150700.0
1764926.8431246511,5182209.997449966,150700.0
1764926.8431246511,5182963.997339444,150700.0
2618132.0447127884,2652679.494675522,150700.0
2645626.2933280375,2675882.6571170855,150700.0
2295536.7929550502,3127563.344067024,150700.0
2295536.7929550502,3106931.3499904624,150700.0
2294030.2930103666,3106931.3499904624,150700.0
2294030.2930103666,3106931.3499904624,150700.0
2530433.610201517,2940461.780839265,150650.0
2530433.610201517,2940461.780839265,150650.0
2690849.0580022694,2636699.646880191,150600.0
2108083.242647104,3423993.0265925145,150750.0
1857569.5241319104,4383543.101592082,150850.0
1857139.024325484,4384549.268175924,150850.0
139856.2334538827,3810342.2567001637,150600.0
100839.49340546186,6086882.158514945,150750.0
119122.78363615373,15116949.520740287,150700.0
225054.54723795247,7582767.194376199,150500.0
222846.21229548324,7593305.693988727,150500.0
223146.71201816745,7585778.194265492,150500.0
113373.96341504139,14866813.316608075,150300.0
168621.6382288539,7566893.535850844,150200.0
152632.3403401884,7572903.535628981,150200.0
116674.9712559667,7534041.352770424,150200.0
115048.30453365164,7553583.847947895,150200.0
115048.30453365164,7552080.848169674,150200.0
91159.28247834662,7557872.821287299,150300.0
125034.82561146266,6048185.891738806,150250.0
1952949.4835657028,3782259.2700813957,150100.0
66631.23639978463,4334733.839734529,150250.0
85690.91823093535,6054821.564328164,150350.0
93630.23943352475,5062471.41907768,150300.0
93630.23943352475,5062972.918911512,150300.0
78370.57073364686,6076374.457263879,150350.0
1957864.794346032,3832549.355093474,150300.0
1842189.375550691,4383696.1529061,150350.0
1970378.7910162418,3832047.855259642,150300.0
1959606.2760328855,3828191.1526043285,150300.0
1953361.2963996835,3839597.3191610933,150300.0
1595126.6396602036,7576459.86508729,150200.0
1764719.6960503168,5067955.163215964,150100.0
6498856.634925724,1826639.4562244108,149650.0
3856523.0693930057,2149096.2947805137,149650.0
3901410.568975374,2019338.7069649557,149650.0
2294105.1346172267,3039098.978035232,149900.0
2497040.3668638035,2780412.742533367,149850.0
2306700.6500240928,3053809.133626782,149900.0
2495842.567142091,2781612.5422555427,149850.0
2665110.9580698935,2559608.252383765,149800.0
2450833.9453026657,2781612.5422555427,149850.0
2457512.976047291,2781612.5422555427,149850.0
2457512.976047291,2781612.5422555427,149850.0
2873128.04657293,2362571.528509374,149850.0
2396239.0943849673,2787046.312299205,149950.0
2384401.573343338,2793243.4946185355,150050.0
1934243.334899285,4466923.293285385,150250.0
2375099.7931313985,2841543.1431296263,150350.0
2491956.3650630605,2954989.3880018773,150250.0
2491956.3650630605,2953786.388278962,150250.0
3515119.4828082346,216971.2513627731,150250.0
3567873.9337532553,165680.0713600348,150250.0
3416898.650630055,163673.73952196754,150250.0
3483747.9345299313,187200.6449186417,150250.0
2414326.3915663585,2894184.689396184,150250.0
2398490.5139930802,2935343.7243834245,150250.0
2089856.0430409836,3514519.109261482,150250.0
2086574.0230280529,3728907.775205734,150250.0
2363989.8688500966,3154343.5560799353,150250.0
30117754.564366404,219171.41192348851,150250.0
30162822.063950326,157664.67383770045,150250.0
6187909.657188205,154140.14522373132,150250.0
10183600.325408408,251841.4862228369,150150.0
10159580.325630464,235757.97600691768,150150.0
5056235.019167623,71194.81326326546,150500.0
6072206.218862296,68681.62866931787,150450.0
6066446.396502419,1637368.1173996814,150250.0
3391229.0498285256,2048176.247889492,150250.0
6074106.389802848,1627999.4011041992,150050.0
30092455.431389086,111763.99447259081,150250.0
5060906.73849516,84253.64034736507,150500.0
6072206.218862296,67820.91477087919,150450.0
6056334.489487102,71239.60772628016,150450.0
3812727.9161722315,1942252.86026249,150300.0
4353727.009832507,1807079.0766508903,150150.0
6071707.590358683,1627999.4011041992,150050.0
5133719.297014113,1707638.8000012375,149900.0
6074106.389802848,1627999.4011041992,150050.0
6067019.31160816,1627999.4011041992,150050.0
4401018.931137669,1810077.0609797682,149950.0
5134717.630013556,1716963.5656482975,149900.0
5149099.045552986,1719856.5564131392,149800.0
3965226.8723700494,1941590.8510624152,149700.0
3665443.7609006115,2093094.7937764404,149650.0
3649855.007886437,2093094.7937764404,149650.0
2621339.618200981,2818671.660244881,149650.0
2578531.174411242,2830003.2494413704,149650.0
2576536.8403506437,2880892.748967903,149650.0
3191980.1357084354,2380605.5995927933,149550.0
3152510.715451602,2408244.162432133,149550.0
2747320.406710317,2589159.9804947604,149600.0
3156706.700275369,2456108.161986376,149550.0
2747021.7069893037,2589159.9804947604,149600.0
2747320.406710317,2589159.9804947604,149600.0
3156374.867193166,2456108.161986376,149550.0
2747021.7069893037,2583173.98071751,149600.0
3265390.0969051565,2226982.9498957037,149600.0
2928704.4874045653,2379924.337535642,149650.0
2914962.2240064694,2378926.1709524617,149650.0
3519609.247375237,2058975.0921354778,149650.0
3908113.3783915373,1929390.167652002,149700.0
7592053.341805228,1547478.4069734814,149700.0
29998434.367549825,1443283.9546003111,150050.0
4325187.010037357,1852011.3258278505,150250.0
5052874.65578618,1763352.7859680657,150300.0
3788288.4133456885,1986666.7379504256,150400.0
5044698.156280679,1764856.7857464359,150300.0
4325054.116569801,1864396.244605163,150350.0
4325483.187804155,1864396.244605163,150350.0
30097521.33254882,75239.95017827318,150050.0
6083711.265788263,1659564.9708239525,150050.0
15073860.906296631,1421729.5336059383,150000.0
10092853.776695244,1506629.5270916997,150050.0
7542840.483951381,1554158.9553384264,149900.0
3470525.0129150613,2064499.0128290188,149650.0
2594679.443655933,2539086.544546826,149800.0
2847530.9567236304,2364716.1098610754,149650.0
2847198.9014190366,2365714.276444256,149650.0
2582063.489255515,2567941.3784959246,149800.0
2371132.1532796016,2794204.389668494,149850.0
2919961.841729207,2654148.023540732,149750.0
2857602.0033026496,2654148.023540732,149750.0
2920816.555624927,2678128.017980554,149750.0
2858266.558356616,2678128.017980554,149750.0
2920816.555624927,2678128.017980554,149750.0
2920816.555624927,2678128.017980554,149750.0
3137125.114013326,2250415.672127469,149600.0
3137125.114013326,2250415.672127469,149600.0
3885125.672735631,1949090.5992335803,149600.0
2861168.0756286406,2400392.601079011,149650.0
3138121.447012099,2216234.010637752,149600.0
3137623.2805127124,2196773.0135324216,149600.0
2835928.425672755,2345399.56708179,149750.0
2376576.3656488396,2756842.304713699,149850.0
2575674.0396023383,2531664.8100178065,149800.0
2575300.039825155,2532414.3099066215,149800.0
2575674.0396023383,2531664.8100178065,149800.0
1930478.7249489746,3803018.6393153626,150000.0
2165539.631900356,3028641.120302113,149900.0
2405769.238004984,2777636.4940810585,149850.0
2196967.9818659686,3055752.021912546,149900.0
3183578.9859128995,2179162.292234899,149500.0
2590209.1075958456,2545629.4266862385,149600.0
3195151.7305552335,2178663.459068622,149500.0
2055056.5705033736,3791075.69690917,149600.0
2361447.6464829384,3056808.4529142994,149500.0
2200634.090124965,3390818.203455818,149550.0
2364682.3110843548,3057806.119246853,149500.0
2720635.251884832,2559472.230543643,149500.0
2313949.251099612,3063440.735525548,149600.0
2507403.880742016,2785291.8672848847,149550.0
2313949.251099612,3063440.735525548,149600.0
2108623.9498220417,3408908.2005361686,149750.0
1724726.3565871934,6071842.458170002,149750.0
2199780.5190869095,3389962.63241685,149550.0
2199780.5190869095,3391245.9889753023,149550.0
2363686.6447524717,3057806.119246853,149500.0
2360699.645756823,3057806.119246853,149500.0
2551022.7818602677,2787552.89795887,149450.0
2551022.7818602677,2776234.884745248,149450.0
3553092.737947473,2029002.6172518646,149450.0
30104681.87771153,1456404.619054571,149450.0
2589415.2027979423,2622796.672432787,150000.0
5092217.053463148,78237.78458010085,149900.0
3052524.6680953884,101333.7999224024,150100.0
3397747.7330000005,94173.87330030177,150050.0
3057818.773147688,2218078.076072649,149900.0
3057818.773147688,2218078.076072649,149900.0
3057818.773147688,2220329.5747402026,149900.0
3061927.9507386084,2168887.7396562407,149800.0
1920568.7505205064,3856172.1440508207,150000.0
2065234.8184364673,3411865.954445328,149950.0
2374797.393443497,2833201.673272016,149950.0
2247421.978658371,3111039.7254652795,150000.0
2207382.6806979706,3038935.4679029733,149900.0
1933858.1019426298,3846582.372901402,150000.0
1933858.1019426298,3856892.068563876,150000.0
1743002.7635224594,5167595.829800525,150200.0
1927283.3882259878,3935181.047899683,150200.0
2365264.5315002752,2891406.2674208595,150250.0
2193623.350030663,3220714.0816335296,150300.0
2057487.631588055,3542934.446979409,150250.0
1925605.1854389422,4032472.2616095473,150300.0
1925605.1854389422,4032472.2616095473,150300.0
3111653.939220554,2300013.1830932703,150000.0
1774677.1161302482,5293866.066872168,150300.0
1891939.7295098938,4508894.137412301,150250.0
2132856.312877855,3557931.830035888,150250.0
1704292.0268602073,6557874.533555922,150450.0
1704565.0720095527,6554865.033583606,150450.0
1870760.295184606,5185104.020992297,150200.0
1871961.8960749763,5200885.518663614,150200.0
1672149.5970753306,7702716.406109703,150200.0
157399.98047734192,6048301.55834346,149750.0
203073.27647507837,5072477.305507986,149700.0
1824301.0344029276,5103980.81776165,149800.0
180041.63014163187,6099858.546389077,149750.0
1739847.1791532112,6100053.818606371,149850.0
2196787.018622806,3426520.930991859,149750.0
2266811.773486388,3025435.546978381,149800.0
1927983.0998265836,3863549.0427302113,150000.0
1766226.734568447,5156123.939303998,150100.0
1678524.0045755191,6169436.797893652,150150.0
2596681.603853772,2775964.653902072,150300.0
2262445.2467127265,3367076.826430418,150400.0
10103045.119786834,381394.4079458788,150450.0
6093420.07800357,237597.1199412538,150350.0
4397920.81405302,500002.5453693539,150550.0
5103172.63935693,368111.9105046675,150500.0
3838473.9180776374,368413.4102282714,150500.0
4403428.695296635,501037.6260110201,150550.0
4397407.695352017,501037.6260110201,150550.0
4400418.195324326,501037.6260110201,150550.0
4400418.195324326,501037.6260110201,150550.0
4400418.195324326,470922.6262876542,150550.0
4400418.195324326,470922.6262876542,150550.0
4400418.195324326,418824.5446565299,150550.0
4400418.195324326,413704.12681325927,150550.0
4396375.90292767,413491.7270781217,150550.0
3824342.349917445,593380.2115199604,150600.0
3824342.349917445,593380.2115199604,150600.0
3822836.849972798,484599.145651597,150600.0
3822836.849972798,484599.145651597,150600.0
7610907.04514391,502990.214838951,150600.0
6116767.139439727,877836.9665753812,150650.0
6128817.139329062,877836.9665753812,150650.0
10111978.413613614,314628.0661955051,150550.0
6115442.31723073,741109.8933294405,150650.0
6117449.983731366,740439.3382709854,150650.0
10193165.241991406,710974.8936059616,150650.0
10223290.241714742,710183.5999599422,150650.0
15131337.766617248,340389.6197093806,150600.0
29829412.617829934,356757.02821770264,150750.0
30117172.948289443,692525.6686318835,150850.0
29657898.976978384,243128.50094437503,151050.0
30388091.269528955,230096.6356567491,151050.0
30271571.26465706,513133.16060876165,151150.0
30402858.349318437,505736.6072015428,151150.0
10252546.96422776,511598.66700487275,151150.0
15216682.874541089,341095.44072393427,151100.0
15155424.683233788,264335.8280790129,151100.0
15191759.375368562,264335.8280790129,151100.0
15203085.874209689,262647.54469123855,151100.0
15203085.874209689,272031.2361569303,151100.0
15203085.874209689,272031.2361569303,151100.0
7648085.322137287,272031.2361569303,151100.0
15203085.874209689,272031.2361569303,151100.0
6107313.162353467,227328.03636987062,151050.0
6112345.661939494,230301.085034917,151050.0
6106306.662436262,230301.085034917,151050.0
10121836.881794972,227328.03636987062,151050.0
10121836.881794972,227328.03636987062,151050.0
7600619.5936293965,228901.16882332147,151100.0
5082285.707867626,228901.16882332147,151100.0
3814391.748488633,233182.33653598733,151100.0
5087460.6332732495,165559.31957483653,151000.0
6100327.291929308,191290.72344476928,151050.0
10116817.676027676,254892.7607121309,151150.0
15215259.908085177,302049.39838170254,151200.0
5121304.281927565,302049.39838170254,151200.0
6114200.149566481,250460.02479313608,151150.0
7546005.764979993,216428.9192107779,151100.0
5992988.635949357,189804.69834190328,151050.0
4380909.428883115,108804.09292610185,150950.0
5114132.942688933,104308.05667399349,150900.0
5113630.44285477,103553.05678436821,150900.0
3832152.3863188154,159097.3669474254,151000.0
15131854.727112705,208461.19403553073,151100.0
10103903.26309714,252474.35994180228,151150.0
10107527.862269465,252474.35994180228,151150.0
7584280.259646937,219324.0043054872,151100.0
7584280.259646937,219324.0043054872,151100.0
7592007.671353423,160105.0332832954,151000.0
6078687.953496134,192153.8665772135,151050.0
10112685.230924394,108804.09292610185,150950.0
10105111.462821247,256908.09432076506,151150.0
15160988.044457845,452945.6100561613,151300.0
10236342.571024252,667470.2566924792,151350.0
10237206.427781243,667903.1850714204,151350.0
6200342.0196994,668336.1134503614,151350.0
6211289.873639543,673180.3143292577,151350.0
10260208.628051408,660119.4702908442,151350.0
29176834.817654587,544246.5072205996,151650.0
10173181.673141126,341137.2252417445,151550.0
10149623.341949223,346275.49317080807,151550.0
10147893.342719937,345668.79330816306,151550.0
15158574.472152445,415701.33676719223,151600.0
10154213.643076532,345062.0934455181,151550.0
30367293.948102407,559017.6046124457,151650.0
15201770.80581549,547559.2830718176,151700.0
28995121.85988718,747127.7020890806,152050.0
29275899.73092781,332865.7405676225,152450.0
29304337.06043405,330833.07362800254,152450.0
6116974.769453939,1713540.9464196144,152250.0
7647780.774727092,133117.31889521435,152300.0
10174110.727500655,118027.02241357767,152350.0
5104030.276889511,1795873.0273892896,152300.0
5105044.609894222,1795364.8608866113,152300.0
10036148.544524457,1549873.9189165623,152150.0
6113351.300684262,1699522.4495642704,152250.0
4380361.13835251,1885893.6914142012,152150.0
6113785.80049247,1699522.4495642704,152250.0
6113351.300684262,1699522.4495642704,152250.0
6113785.80049247,1699522.4495642704,152250.0
6109074.706678166,1680690.5520370775,152050.0
6110812.42151303,1675024.4117823173,152050.0
7633541.940311843,1608435.4199267945,152000.0
7633541.940311843,54545.121633474584,152000.0
7634048.106813873,54545.121633474584,152000.0
7634048.106813873,51502.122619344016,152000.0
15258717.62362833,80376.3058764149,152100.0
7653477.19221404,34261.459896593435,152000.0
7655501.858222161,34261.459896593435,152000.0
7653477.19221404,34261.459896593435,152000.0
6129828.510310264,1637707.4985838172,151950.0
6129828.510310264,1637707.4985838172,151950.0
6129394.867645293,62479.355677126965,151950.0
6129394.867645293,62479.355677126965,151950.0
6129394.867645293,58829.55649909041,151950.0
6148082.823159177,1641638.101755641,151650.0
6148082.823159177,1641638.101755641,151650.0
6148082.823159177,1645280.7009320555,151650.0
6125657.128246355,1645280.7009320555,151650.0
10198777.47840889,1568524.97969515,151550.0
10215346.947333027,1561770.1775548798,151550.0
10201200.277858563,1568524.97969515,151550.0
5166831.799119817,1741595.5793504738,151500.0
5155469.296640486,1767413.498651597,151500.0
5153955.797136027,1769912.0574473555,151500.0
4447127.883845392,1847249.6752801952,151450.0
6171082.011740118,1669798.6136906294,151450.0
4544231.773573759,1911334.5346527062,151350.0
4544567.606658953,145049.68401582164,151350.0
4544231.773573759,148077.18398828804,151350.0
3873082.956562231,73171.46135291891,151400.0
3873082.956562231,73171.46135291891,151400.0
4437968.441452243,78444.68462156046,151350.0
5127967.802200655,77260.23157187669,151500.0
5128472.302035475,77260.23157187669,151500.0
5128472.302035475,77260.23157187669,151500.0
3421199.3869451242,2085500.3248832999,151650.0
6146379.022567256,77022.19956217747,151450.0
5133526.805617955,106242.45716926677,151500.0
6147243.450753073,77022.19956217747,151450.0
6146811.236660165,81418.1532289015,151450.0
15225946.901342925,100936.45793883162,151500.0
15254736.907733025,82518.49118547335,151500.0
30486692.50460463,101610.14482647894,151550.0
10216952.277959492,57176.15410971339,151450.0
10195884.943855166,57176.15410971339,151450.0
15241094.904429913,70772.24376476352,151500.0
15227968.404596997,70772.24376476352,151500.0
6152980.6271931175,60118.612186130034,151450.0
6145796.066770351,60118.612186130034,151450.0
6143634.9963058075,69664.48651656101,151450.0
6143634.9963058075,69664.48651656101,151450.0
6143634.9963058075,69664.48651656101,151450.0
3423710.5699219927,2064211.08667592,151650.0
6128088.532319211,44936.180406315274,151650.0
5125164.006991313,1755067.564943551,151700.0
5132127.936599811,50908.25568508087,151700.0
7619610.875767618,93660.69049977731,151800.0
6147170.6880393205,93584.70089376524,151850.0
6147777.58790201,93584.70089376524,151850.0
5124727.601579274,77783.23842921777,151900.0
15225486.634320147,112106.75307215592,152000.0
30544611.076815244,120942.53883638253,152050.0
30550690.076321736,100142.64362212214,152050.0
30552716.409490567,100142.64362212214,152050.0
30552716.409490567,100142.64362212214,152050.0
30552716.409490567,132574.61710801066,152050.0
30466371.394386146,100142.64362212214,152050.0
10223188.961064804,165324.62629539488,152250.0
30490695.50316331,154994.73784904787,152250.0
30496172.001930773,167240.38528991342,152250.0
30535147.004561372,165755.232737889,152250.0
30497389.001656875,167240.38528991342,152250.0
15269762.345664509,365373.25878003734,152500.0
30538018.027332466,591540.6093608206,152550.0
29815312.305517342,270336.7461579791,152750.0
15017063.50780942,1659466.7456046613,153200.0
30673944.384670984,75539.08669840642,153250.0
30680776.95953141,77993.08615507769,153250.0
5139374.4764245665,1773145.9546212812,153300.0
5109973.278147742,44106.858145662016,153100.0
7691287.4066669345,1589972.007394931,152900.0
15332779.458587328,1438173.318698631,152800.0
10219234.38791175,1503606.4437003452,152750.0
15339674.421419475,1447344.3183715187,152800.0
10253881.019685755,1503606.4437003452,152750.0
15351112.5377004,1456197.2468142817,152700.0
3519080.6767888987,2079858.737910505,152650.0
4643954.724748871,1896450.7739096181,152550.0
4617519.726444575,1899502.2738823113,152550.0
4396550.689616519,1826308.08520383,152350.0
10182017.7151459,1511324.7698642188,152350.0
15288025.40931724,1481522.0002320267,152700.0
5129967.951140104,1763467.1067467036,152700.0
6153390.276423233,1675803.6040716958,152650.0
5128442.451631746,1764486.1064195854,152700.0
6149729.677242772,1677025.803798964,152650.0
4388511.5909834495,1862014.3247916868,152550.0
10192793.197349126,1536029.7016488179,152550.0
4387292.191256809,1856673.932296804,152550.0
6147728.206112961,1664454.8451899933,152450.0
6125663.364269919,1667756.9805638816,152550.0
6126098.721221362,1667756.9805638816,152550.0
7655251.443117653,1595168.79227317,152600.0
6358020.217188417,1775512.4185277186,152850.0
3492916.130282012,2130744.9095607502,152950.0
3957317.863298151,2020270.3612109183,152900.0
4465584.568934845,1892863.1320984378,152950.0
5225396.6246254,1810967.7079861285,152900.0
4458238.3819964565,1890822.7989284755,152950.0
4467330.568171194,1890822.7989284755,152950.0
1724639.7618332868,5172363.217739735,153100.0
5112498.252538231,1732965.0942436147,152500.0
3835100.889217537,1965702.6001272611,152600.0
3418128.0112249106,2085993.1187153687,152450.0
4386436.32947212,1849855.8344725834,152550.0
3417256.6566232503,2089150.4955380617,152550.0
4387046.029335441,1858494.4004819796,152550.0
4379492.975830037,1817313.783097178,152350.0
3841703.491797553,1966745.1180227045,152400.0
3841195.9919617567,1966745.1180227045,152400.0
4383107.961371759,1857396.2218121088,152550.0
6126537.0801423015,1642374.4389493677,152550.0
2795054.8818906024,2420357.688160979,152750.0
4372049.694673798,1857396.2218121088,152550.0
10186360.364792591,1532807.3417439268,152550.0
7656015.443828519,1597204.7316852515,152600.0
5124816.318318677,1763662.0950657763,152700.0
5092516.822740762,1756917.8430506205,152700.0
10208988.472026978,1507044.3117998338,152750.0
30623657.09219991,165310.01762828676,153050.0
3471377.727696139,2146853.4181658644,153450.0
4471718.865711879,77924.5322189936,153350.0
7748632.141505973,91471.3597903722,153400.0
2617623.5589643074,2713830.3242343855,153600.0
3165144.014844557,2256984.2382173804,153300.0
3510394.0599278132,2132482.0616699895,153250.0
2244505.75063171,3169043.864329489,153500.0
3162081.015823989,2275611.118591631,153300.0
3907358.968457608,2017853.1585942567,153400.0
3907869.801627809,2017085.6587028352,153400.0
3489157.4077624856,2132759.9994641114,153350.0
3168207.013865124,2274844.118700279,153300.0
3157130.8249930646,2274844.118700279,153300.0
3167696.514028363,2275063.6183206276,153300.0
3481061.517577309,126861.93964579678,153450.0
3481061.517577309,126861.93964579678,153450.0
2873937.3296371456,2461252.6776639423,153350.0
2569852.3095339607,2941869.0350637464,153450.0
2569573.809833183,2963355.5348737626,153450.0
2594825.378275894,2966425.034846622,153450.0
3209212.928024256,171117.6582294583,153500.0
2684731.464829736,2734447.7405843064,153500.0
3138052.9197544903,2299753.4009663267,153400.0
3490559.4653409314,2154759.8587058904,153350.0
3480539.405738929,2159606.2491018786,153450.0
3136585.268151497,136319.82299915372,153500.0
3145582.3605133975,2315357.0690350765,153400.0
3136585.268151497,125822.15871911426,153500.0
2611836.9561367612,2692965.816763984,153600.0
2840881.515421757,105690.6128874668,153550.0
2840881.515421757,109993.51193849454,153550.0
2599514.81505303,2685978.686497495,153600.0
2840881.515421757,105690.6128874668,153550.0
2236972.9807227477,3172642.7967162873,153500.0
2831581.3060243023,72652.16735995184,153450.0
2597079.2163404375,2671473.2533809124,153500.0
59069.046448029854,6366819.750709485,153750.0
145119.80652211624,10720388.929392736,153850.0
21549.391932495957,10751163.929122053,153850.0
22167.716649929713,4940490.629088553,153850.0
3111186.498772045,2317123.894371477,153500.0
2231317.071361843,3283855.7556416984,153700.0
2241555.7358579435,3282317.2561291866,153700.0
2240787.735966451,3283342.922470861,153700.0
1838471.843501124,4567410.04120601,153650.0
1956881.4276806817,3984551.765876095,153600.0
2080285.6394309702,3539129.8194608996,153550.0
1745837.8042951454,5235053.295195333,153500.0
2121228.589349944,3487574.283725541,153350.0
1865894.6236437813,4491168.058652386,153450.0
1956881.4276806817,3984551.765876095,153600.0
30685039.90804197,1499531.6847889372,153050.0
2385357.387431899,2965774.323619623,153650.0
2625271.5443278435,2703267.685682594,153600.0
2838146.1465618582,2488685.751993794,153550.0
2585967.4744406464,2676716.8387735467,153500.0
3108581.2558505065,2294507.3238458033,153400.0
3899543.8982163263,98082.54646029406,153400.0
4419261.149087145,121820.79395912276,153550.0
3101861.888623037,2370801.418008973,153700.0
2596670.2073201053,2691482.688067765,153600.0
2824023.8149468587,2522435.4067775616,153650.0
3098789.889057066,2384645.414975362,153700.0
3098789.889057066,2384645.414975362,153700.0
2393618.960808424,2967089.825000407,153650.0
3107920.0990654514,113386.75641869847,153500.0
2823321.6852864856,2490003.3942817384,153550.0
2823935.385150697,2488606.9847312113,153550.0
2822181.51535396,2524487.071982003,153650.0
2681498.824870237,2886091.0544110155,153800.0
2214753.4245642573,3649453.548356376,153750.0
2236015.91519796,3135253.9266170743,153300.0
2858272.9916010303,2426175.066651373,153150.0
3128771.3140384597,2286605.844628431,153300.0
3129537.3139296696,2286094.3447913504,153300.0
1830302.6579344294,4442762.027117328,153450.0
2396713.897175375,2837337.2582077556,153250.0
2829441.794731902,2390789.838694835,153050.0
2232930.186023183,3112779.655409936,153200.0
3131311.443555211,2225386.7902425183,152900.0
2422873.5859054453,2820962.4196005175,152950.0
85951.67065811425,3865386.5388665,152900.0
2436366.5432772124,2817195.2492624405,152850.0
1996457.9813431029,3870403.6893761675,152800.0
2135842.3699003435,3432075.2581292978,152750.0
2307202.9202964716,3097749.2964375545,152700.0
80224.9235503368,3103945.995011908,152900.0
3478592.4734402504,2077327.0541226557,152850.0
2835622.029300654,2393129.7090564393,152950.0
3479901.1157242795,2075491.354531218,152850.0
2411675.9612745717,2823243.477485055,153050.0
2412112.7467980697,2823243.477485055,153050.0
2615167.887730912,2595915.95255429,153000.0
2615167.887730912,2595915.95255429,153000.0
2615167.887730912,2595150.4526631515,153000.0
2143524.7822738616,3470827.501777712,153150.0
3436155.0094854054,2098370.7433058647,153150.0
1956440.9888028677,3957366.765288124,153500.0
2835957.628957835,2454480.6558520864,153350.0
2597656.9998879107,2652744.1558753983,153400.0
15387059.21767835,174423.75932662174,153700.0
6194391.876106078,127292.32468174033,153750.0
4418213.707048883,167318.86307420663,153850.0
5169554.525960231,136838.84244991554,153800.0
3885694.67843272,2044454.1897789466,153800.0
6184101.509889359,77092.23035439652,153650.0
5164134.288046663,94063.7477256515,153700.0
5165157.954387702,89449.74837584635,153700.0
3885182.5119287604,2046380.1880474857,153800.0
7673860.692982384,113112.01393059488,153800.0
7731097.570195831,125560.17270075272,153800.0
15421640.807298897,202260.95149886157,153900.0
5173665.06982336,102855.5233676155,153900.0
5176741.0693898965,103369.0232053306,153900.0
5172127.070040091,90792.02472135519,153900.0
10313154.889410013,111692.61337289837,153950.0
10297606.8139061,135014.97043654567,153950.0
6190006.205589755,95008.995489786,154050.0
5173409.070040197,56006.9492981144,153900.0
10298222.113770664,62365.22833180873,153950.0
10303280.183362668,77327.91684060264,154050.0
7747894.123492726,97976.44459717338,154100.0
6199002.84574488,87875.18128612047,154050.0
7743080.085190216,67828.2883782218,154000.0
6193920.525807582,60486.23314096252,153950.0
3132701.801745251,213829.72031874326,154250.0
2350483.8889986346,3811962.532410693,154350.0
2284085.630974196,3811962.532410693,154350.0
2143691.710328359,3734775.03308572,154350.0
1961578.4387639032,4595110.690085236,154250.0
1758920.796999239,6478776.110439428,154350.0
1699535.6317146583,6555963.609764401,154350.0
1523415.3573629202,10507296.412094409,154250.0
2082188.4326001075,3467937.5312165287,153950.0
1743533.3372375055,5243486.99553576,154100.0
1832818.162819005,4489801.909823063,154050.0
3089522.5460463795,2235878.229085972,153700.0
2234187.230916816,3140835.2243244136,153900.0
1949538.1622923184,3912060.4209581786,154000.0
2238289.7309713676,3128866.8320012414,153900.0
2238289.7309713676,3129380.3318389566,153900.0
1844573.983028057,4469537.343852975,154050.0
1963142.5007227925,3904702.6402992024,154000.0
1962373.0008310878,3903418.806965973,154000.0
1845747.8599767096,4476404.573881837,154050.0
1955276.3677909118,3946977.071284448,154100.0
1954334.85212699,3909042.595922177,153900.0
2087706.7638924487,3489294.695418757,153950.0
1669609.0712476945,7808817.035594049,154000.0
2054610.1598589353,3958815.955441651,154000.0
1907862.8618666076,4501467.375448064,154050.0
1908302.5045342026,4497357.3757724725,154050.0
1768105.467158265,5269665.536458951,154200.0
1697019.890342284,6285755.838738856,154150.0
1990596.4754902173,4006788.490293118,154200.0
1693456.6419167512,6335797.605584336,154250.0
1764947.9904336873,5290760.0298182005,154200.0
1856305.1549910884,4579637.78336214,154250.0
1754862.1859061862,5224461.835405979,154100.0
1508913.934331219,10345593.782475319,154050.0
1870992.5476248134,4459229.129338674,153850.0
1870992.5476248134,4461692.728797463,153850.0
2820202.472577998,2401586.143385745,153550.0
2113288.9349962655,3474980.323669297,153750.0
2113903.4348606537,3473749.3239400806,153750.0
2432463.327337834,2848854.8123243856,153650.0
2113288.9349962655,3474980.323669297,153750.0
2006915.2241814232,3888689.822278776,153600.0
1893567.1913272727,4439068.531591261,153650.0
1677166.6089201297,6207763.14881453,153750.0
1772809.919552092,5185288.592597824,153700.0
2440292.711178796,2835248.9453368154,153450.0
1526728.9722666808,10307897.332218863,153850.0
1675686.933871104,6204095.5956916455,153750.0
1770226.1365375996,5190671.591839263,153700.0
1770226.1365375996,5188364.592164361,153700.0
1770737.9697081195,5188364.592164361,153700.0
1770737.9697081195,5188364.592164361,153700.0
1770737.9697081195,5188364.592164361,153700.0
1675248.1483467363,6207788.594879296,153750.0
1766785.085795675,5173647.770261978,153800.0
1590889.6910369932,7746255.201345446,153900.0
1525068.6578584362,10310094.689713579,153850.0
1524629.5866196596,10312147.022884496,153850.0
1681728.8017229617,6206107.210684791,153750.0
1522274.3861612843,10303323.790332431,153850.0
1783738.3845785134,5200393.172791439,153700.0
1694600.9905184286,6204628.734814397,153750.0
1683197.211001296,6184844.382301747,153750.0
1771449.2323558913,5200906.005962277,153700.0
1878378.5986269473,4447064.829830034,153650.0
1878992.6984912467,4446449.729965513,153650.0
1771961.0655264112,5199367.506449765,153700.0
1683811.7108656843,6234845.142857299,153750.0
1683811.7108656843,6235460.642721907,153750.0
83589.5857450457,6197605.951701123,153550.0
1777138.9114223947,5176190.027880766,153600.0
80521.08642398835,6182111.35308365,153550.0
1990984.2901460475,3895676.9867405132,153600.0
1865482.501476656,4452347.813937663,153650.0
1869167.1006624536,4426777.519384041,153650.0
2420145.3986087698,2815660.012826772,153350.0
1669002.7845627652,6205098.255214797,153650.0
1575544.8320029965,7720692.529552062,153600.0
1574521.8323288362,7668685.04017651,153600.0
1665452.666852599,6215864.817049395,153750.0
1665452.666852599,6215864.817049395,153750.0
1839930.7772644022,4458105.9190954575,153750.0
1587459.72256298,7763924.628273776,153800.0
1587971.889066939,7762385.628490367,153800.0
1587459.72256298,7764694.128165481,153800.0
1587459.72256298,7764694.128165481,153800.0
1587459.72256298,7764694.128165481,153800.0
1587459.72256298,7764694.128165481,153800.0
1587459.72256298,7764694.128165481,153800.0
1587459.72256298,7720063.134446619,153800.0
1717844.3141335754,6249049.959932134,153750.0
1720691.0262507945,6208593.233036367,153750.0
1984495.278667806,3909325.8970022406,153700.0
1787608.2596708338,5193924.9238793515,153700.0
1787608.2596708338,5193155.424312533,153700.0
1443820.6479170185,15525523.827686032,153900.0
1443820.6479170185,15525523.827686032,153900.0
1443308.1480796197,15530913.826928457,153900.0
1779457.3490168974,5254518.407115466,153900.0
1519898.6711987746,10369110.825187933,153950.0
1608969.3040151342,7796643.291510896,153900.0
1519898.6711987746,10366029.32586401,153950.0
1492657.3942893567,15460118.990982303,153900.0
1482533.1515229251,15497803.831582125,153900.0
1482533.1515229251,15500113.83125745,153900.0
116090.80910361538,30845772.790359143,153850.0
1658896.2973566707,10336952.109208206,153750.0
1598251.115882069,7678687.307013178,153500.0
1738506.9029109112,5176318.958162211,153500.0
1579897.833470006,7731736.625326466,153600.0
87894.0029508933,6169211.314041847,153250.0
1862784.6276324948,4409655.951466622,153150.0
56002.96294452896,5147443.347759236,153200.0
59063.96196445825,5146932.181255595,153200.0
56002.96294452896,5147443.347759236,153200.0
62306.34939171198,6171686.771287317,153150.0
108260.56763139581,4414537.034002537,153050.0
167061.62286780254,6162980.767998077,152950.0
167061.62286780254,10240423.37906718,152950.0
115641.82604660021,4418650.019145565,153050.0
100294.5290134048,7707205.223763123,153100.0
135768.9381467966,5146355.403312891,153000.0
114010.2929312111,6176371.207688173,153050.0
1896321.2539284686,4408240.797863832,152850.0
93183.3961900766,5155781.415117259,152900.0
2592059.228726328,2570685.773743957,152700.0
2838578.682514008,2453978.157312983,152650.0
2450145.0531823183,2859325.741299508,152650.0
2659020.820734864,2597920.1224303655,152600.0
2142017.310409308,3434516.116880068,152550.0
2453820.3871312863,2820390.476498911,152550.0
2452803.8872132674,2817050.4023176995,152550.0
2458270.0342166056,2816710.902563159,152550.0
2458270.0342166056,2816710.902563159,152550.0
2458270.0342166056,2815735.4076884133,152550.0
2458270.0342166056,2816710.902563159,152550.0
2884983.8693553023,2389997.0717214835,152550.0
2884983.8693553023,2389997.0717214835,152550.0
2643363.8555598008,2598302.1222122153,152600.0
274399.0967270867,6179240.87753797,152750.0
231066.91518510593,6179240.87753797,152750.0
198488.2502664546,6241667.916218344,152750.0
1675118.2365660733,7734261.938831686,152800.0
228498.70551087262,15381673.761011068,152800.0
223858.9856539929,30581924.857861023,152750.0
117133.69004013127,6165461.441477743,152550.0
117133.69004013127,6166072.141341288,152550.0
116698.33308868788,6160140.121078178,152550.0
116698.33308868788,6160140.121078178,152550.0
116698.33308868788,6160140.121078178,152550.0
116698.33308868788,6160140.121078178,152550.0
116698.33308868788,6160140.121078178,152550.0
1688846.4714258928,6168838.62789732,152750.0
1688846.4714258928,6168838.62789732,152750.0
1774427.833947226,5149532.55142377,152800.0
2287231.976503479,3106968.2600312326,152700.0
1780174.7475561625,5165389.626656124,152900.0
1888834.1169607562,4426743.645182207,152850.0
1899035.329506625,4409575.760543775,152750.0
110807.23398293907,5142459.848807535,152700.0
2014552.8566495264,3856865.008592062,152700.0
1778097.0499592368,5143302.3724947125,152800.0
1892227.0416604932,4391039.584226784,152750.0
69996.55132216966,7696216.68650558,152900.0
77993.92393326825,7684405.403724233,152800.0
183564.52271935315,3441970.1298445673,152550.0
157733.68466407023,6149414.856556695,152550.0
164163.08500830014,5118078.304868716,152500.0
179056.4154431617,7671130.960479215,152500.0
186300.16752375543,7659879.095789077,152500.0
159718.181185931,6151309.535035438,152550.0
196716.57191208575,10209293.599342631,152450.0
544610.4412189026,29894627.48937153,151950.0
228397.77783339104,10168585.45365091,152050.0
224662.19236805904,10169890.23879039,152050.0
105013.56156408477,10167039.588760117,152250.0
1671800.8912926887,6148135.257864464,152550.0
1474272.1840402149,15283586.387816044,152500.0
1708280.8305536096,6129115.365148571,152350.0
1707671.9306904683,6131294.292763872,152350.0
1627134.1933395043,7653482.167306363,152400.0
114695.94268002869,7640483.842209186,152300.0
105763.70425363258,7634595.974357153,152300.0
89111.55480477048,6131292.2940746825,152350.0
84113.02774581694,15268566.036645282,152400.0
153860.91789031998,10170827.599044157,152150.0
206374.73537416954,7638023.802809067,152100.0
132816.165857839,7666229.767904026,152200.0
207894.73515487093,7646859.829470732,152100.0
221092.22405818425,10106061.853833517,152050.0
223621.5647844672,10179081.84791733,152050.0
238580.59901789128,30426877.590861823,151950.0
128588.4105370616,10187081.07914812,151950.0
128588.4105370616,10176771.3526104,151950.0
126060.73330215673,10194655.751984335,151950.0
111112.52642498483,7633559.969741875,152000.0
168605.82388433794,15238925.589918848,151900.0
158640.4707546985,15242847.676482372,151900.0
101237.5270279601,7671285.769283301,152000.0
115715.3389771983,7658912.298144985,152000.0
118985.3836126306,10182441.863149827,151950.0
145202.8459632973,4352070.93516325,151750.0
74907.89598346251,6133047.1727469135,151950.0
2239734.7368545383,3094531.356488491,152000.0
1503061.721947811,10204627.609127957,152250.0
1593066.9281067092,7659772.528032346,152200.0
102880.72162562513,30534667.038585354,152150.0
81012.58002877688,15332847.235297669,152200.0
106109.27023640237,30544403.612164915,152150.0
106109.27023640237,30530606.676536024,152150.0
77971.58101529608,15346626.319298178,152200.0
77971.58101529608,15346626.319298178,152200.0
1847505.3213462054,4491117.474427965,152250.0
1860748.2541064238,4572716.76586709,152350.0
1986060.0314895432,3965903.420290826,152300.0
2116761.918669363,3643744.1723357257,152350.0
2145426.695725623,3568382.8608835093,152350.0
2194170.695287991,3610893.6040313123,152350.0
1955189.7532585107,4578473.236587436,152350.0
2008142.5327493907,3913374.457747841,152300.0
10250006.36919491,1489782.111355847,151750.0
1974835.6864427023,3913374.457747841,152300.0
2111400.8987763976,3463160.9184302706,152250.0
2101255.8995978157,3464177.4176924443,152250.0
2101255.8995978157,3487258.907550834,152250.0
1611510.6005164094,10375586.408837475,152350.0
1598513.3060920243,10435757.59474147,152350.0
1600914.975336339,10440838.427664762,152350.0
1600914.975336339,10401433.558101904,152350.0
1753647.3555094467,6338766.345166314,152350.0
2916207.59362495,214972.24304918965,152350.0
2918948.1751926495,2444388.291304569,152350.0
2522012.5023138537,2835654.891838336,152350.0
2490457.464167478,2842522.4827279225,152350.0
85267.93733395432,3434328.4161199233,152450.0
79190.29420069676,4415304.075951553,152450.0
76579.86677850518,4415914.375815008,152450.0
76579.86677850518,6207730.809491826,152450.0
1778667.854761001,5154657.539253359,152400.0
1990335.0713001792,3886181.993479174,152400.0
61498.239603761394,4418965.875132284,152450.0
57857.7959234287,4417745.275405373,152450.0
55247.36850123711,3499338.396107403,152450.0
51054.52860112996,3436508.7723072786,152450.0
51054.52860112996,3436072.7010698076,152450.0
39474.95474613673,6178650.165785962,152550.0
2234248.5484925644,3117108.5666396446,152300.0
61478.76699463286,30775342.14547606,152750.0
2232727.549369181,3111311.1723205615,152300.0
2059804.8660445835,3431929.1221486167,152350.0
1945916.9130080906,3909233.642081402,152500.0
2069046.2083755953,3475841.075560129,152450.0
2396335.006073728,2818450.220330818,152350.0
2223039.6187801184,3087718.6661428846,152300.0
2222023.7849536333,3088225.833410267,152300.0
2579118.6236854633,2580756.752352082,152300.0
46755.36548673111,2820062.0928961225,152350.0
2587918.580038133,2595381.509111887,152400.0
2577254.080421026,2595381.509111887,152400.0
2211884.221816568,3081139.801247095,152500.0
2094839.9530930556,3491118.895072679,152550.0
1840469.7799585657,4489978.259112936,152650.0
2222021.353020484,3174761.94628794,152600.0
2221513.186517806,3175271.1127909403,152600.0
2222021.353020484,3174761.94628794,152600.0
2587037.8323089695,2635604.3849452846,152500.0
2074760.3529254328,3481741.2300820136,152550.0
2075357.9532137432,3542681.024132708,152750.0
2388691.8346120305,2925945.6915676515,152750.0
1959313.3982525936,3993147.904943299,152800.0
2388691.8346120305,2925508.7631869484,152750.0
2232171.089174488,3233514.368110449,152800.0
2075357.9532137432,3527601.533585596,152750.0
2075357.9532137432,3542681.024132708,152750.0
2825243.3708144836,2449137.681103997,152550.0
1862001.3681113056,4493901.04768841,152650.0
2423527.230071924,2873356.9728946993,152550.0
2246310.12161315,3172725.2802759376,152600.0
2220305.4628690192,3140630.0977335437,152500.0
2074719.9831096272,3499631.865109179,152550.0
2223860.2950536828,3141647.764072663,152500.0
1950626.3206232232,3919103.3768716,152500.0
1839742.9866074247,4436287.894502636,152450.0
51573.528980289106,3424205.970350092,152350.0
51573.528980289106,3424205.970350092,152350.0
48529.029664582275,3423596.0704867267,152350.0
3439648.851293821,2055853.252584024,152150.0
2061863.4373111753,3477813.6681098402,152450.0
1949625.049794571,3853101.1949537406,152400.0
1825676.6139255387,4456870.540785818,152550.0
1837592.227420528,4471952.710793716,152550.0
1837592.227420528,4471952.710793716,152550.0
1744527.572531844,5180320.188313234,152500.0
1744527.572531844,5180320.188313234,152500.0
1958763.0484813787,3853866.693206078,152400.0
1958763.0484813787,3853866.693206078,152400.0
1951904.5462900803,3890534.7245533057,152400.0
1652368.4115844478,6185423.551694866,152450.0
1845132.2329007406,4433128.958990606,152350.0
1844523.3330375992,4434000.530036726,152350.0
1845132.2329007406,4433128.958990606,152350.0
1845132.2329007406,4433128.958990606,152350.0
1845132.2329007406,4433128.958990606,152350.0
1744527.572531844,5180320.188313234,152500.0
1445889.771869802,30752929.81350598,152750.0
1416639.8328043304,30786540.31320589,152750.0
1414726.5987843305,30744802.14247739,152750.0
1592897.2964358889,7840535.661041755,152800.0
1753416.8376297823,5278588.446619556,152800.0
1592897.2964358889,7799232.187658396,152800.0
1418079.276253141,30726463.14394967,152750.0
1414726.5987843305,30728500.810452748,152750.0
1735108.5396491445,5218437.627283478,152600.0
1735108.5396491445,5202144.299187461,152600.0
1643374.0817789736,6223895.351989938,152650.0
1644401.348997388,6185663.516164464,152550.0
1856358.5389622047,4486035.920068389,152450.0
2251352.8932023873,3140076.5933569605,152300.0
1971619.8378594655,3926338.9686710546,152400.0
96689.01450673402,3889130.4502290613,152200.0
114245.89435971262,3431942.2182478057,152150.0
260791.0359664792,6147602.169776938,151950.0
358025.30670636124,30331063.427275196,151850.0
233607.91551593618,15128463.537405316,151700.0
232772.5639188668,15313137.658872427,151700.0
363088.81258989143,10321273.0605077,151650.0
277228.3166496811,30184400.096834246,151550.0
221981.73552033957,15288036.5156893,151600.0
221679.03579563982,15295619.01541455,151600.0
221679.03579563982,15292586.01552445,151600.0
221679.03579563982,15294618.041037394,151600.0
212951.24412778558,10207464.316870138,151550.0
193764.41236236977,6142439.494616587,151550.0
167757.20079985127,7668376.989348405,151600.0
167757.20079985127,7666101.489678003,151600.0
233170.17345178782,15208232.689569747,151500.0
233170.17345178782,15266864.257766789,151500.0
272292.22635822254,10152786.023249205,151450.0
332842.22140358103,10198209.394423723,151450.0
332842.22140358103,6145864.799077323,151450.0
300212.8360675032,10155753.475811929,151450.0
298193.5015756164,10177952.221414147,151450.0
647163.7764742138,30456983.38986672,151350.0
492812.2778784309,30302580.89127093,151350.0
319218.92113868654,15266490.660873922,151400.0
500200.6057527076,30257931.344881855,151350.0
318916.62141435104,15255889.161259087,151400.0
320204.02284933947,15210653.49572299,151400.0
320204.02284933947,15209138.495943014,151400.0
320204.02284933947,15209138.495943014,151400.0
320204.02284933947,15209138.495943014,151400.0
320204.02284933947,15209138.495943014,151400.0
320204.02284933947,15209138.495943014,151400.0
320204.02284933947,15209138.495943014,151400.0
309609.52323477226,15209138.495943014,151400.0
181130.1778212567,10157572.375399591,151450.0
179448.5279700892,15193997.493195673,151400.0
219986.34800897416,30324532.345596414,151350.0
219986.34800897416,30326350.045183804,151350.0
211347.78043906207,30478175.889673986,151350.0
217728.60905775553,30354000.14741027,151350.0
243949.60690934444,30354000.14741027,151350.0
445794.5908586544,30299364.68506472,151250.0
659337.3705046788,30110529.46535091,151150.0
511570.2604958334,30310080.463531896,151150.0
362358.73928557284,29970005.00135502,150950.0
370446.82197128463,29989443.6466841,150950.0
164969.47010717844,29967142.53461422,150850.0
117456.66754549398,29860292.2209186,150650.0
85946.55265644187,15131758.25553458,150700.0
85193.55276711061,15131758.25553458,150700.0
181952.905189324,30119837.86748006,150550.0
181952.905189324,30119837.86748006,150550.0
131376.10552157424,30124764.109728497,150550.0
131376.10552157424,30157890.6094242,150550.0
131376.10552157424,30163721.437747303,150550.0
131376.10552157424,30163721.437747303,150550.0
131376.10552157424,30163721.437747303,150550.0
87769.17889514951,7560942.740006716,150400.0
70897.51411996441,10082738.270986812,150450.0
103404.32561718265,10058949.471755162,150350.0
130498.72347634367,7552107.954020087,150300.0
155682.371517226,5047107.400490031,150300.0
63888.06500092406,10083633.889717035,150450.0
63888.06500092406,10059684.981430735,150450.0
63286.765139512994,10060976.052278394,150450.0
90119.2478710725,9996080.245268747,150350.0
90119.2478710725,10054244.57378241,150350.0
79371.34250820955,7567173.85514546,150400.0
83150.36130976268,30096199.523424152,150350.0
104493.75525619593,15057134.683747342,150300.0
90119.2478710725,10056060.31909437,150350.0
283164.713270117,3068184.1672516335,150100.0
196087.0848796024,3442033.4895960004,150150.0
196087.0848796024,3423086.491202344,150150.0
201094.58557373544,3396054.9914520294,150150.0
194083.08393516016,4351061.714771423,150150.0
194083.08393516016,4351061.714771423,150150.0
194083.08393516016,4351335.21446673,150150.0
196087.0848796024,3383809.4919229723,150150.0
84892.28836546658,5036524.406139324,150400.0
70616.01855217089,7559148.521924078,150400.0
98276.71316229689,6050529.6381390905,150350.0
98276.71316229689,6051198.859863222,150350.0
98276.71316229689,6063858.912984746,150350.0
98276.71316229689,6063858.912984746,150350.0
69113.01877395016,3808675.750354095,150400.0
51358.93273033756,7596248.554155588,150600.0
1623612.0507598126,6127390.367827695,150750.0
52500.48215580086,6081511.859065811,150550.0
56110.68132482192,6081081.216402178,150550.0
58584.609082271425,7570069.275598092,150500.0
58584.609082271425,5076821.794041792,150500.0
1813712.2109234717,4384742.26146599,150650.0
1623612.0507598126,6128252.796012618,150750.0
57888.46702186836,6103871.528969288,150650.0
64017.307125673295,6080650.573738544,150550.0
54947.524805872614,5069547.624999151,150500.0
66817.37430550967,10075924.616878632,150450.0
111975.727138697,7566612.18965155,150300.0
149735.3810027852,6047093.4540140275,150250.0
87979.00353781262,6065149.12668916,150350.0
147815.99118057615,7560110.6192697,150200.0
147064.49045785307,5059280.065932614,150200.0
131804.74133678028,4342465.011054097,150250.0
152822.23647971542,4341605.4400133155,150250.0
152822.23647971542,4341175.654492925,150250.0
152822.23647971542,6020424.573890593,150250.0
176961.32085031978,7543744.369797039,150200.0
429623.4217272944,4351573.291895282,150050.0
239989.22228209436,4351907.236090184,150050.0
257594.08983845962,4350905.403505478,150050.0
235587.75455830345,4367008.728452787,150050.0
233396.54715125915,10095375.801421644,150050.0
218394.04729015523,10075169.679420192,150050.0
218394.04729015523,6084869.924876716,150050.0
240591.92347738484,6079853.378695046,150050.0
224986.7224209904,4366902.912479111,150050.0
224986.7224209904,4363325.960602972,150050.0
222588.92364406015,4362658.072213167,150050.0
235595.75789425115,2787963.5588808777,150050.0
250598.2577553551,3394856.3199189636,150050.0
212585.59003288334,3394583.00204204,150050.0
212585.59003288334,4347281.968633881,150050.0
212585.59003288334,4341221.190397536,150050.0
123925.1615673338,7545503.700192128,150200.0
123925.1615673338,7564291.197419887,150200.0
175971.63687496286,10059108.468354419,150050.0
153043.77677894605,7558081.971960423,150100.0
140045.50319101248,6072380.023657385,150150.0
140045.50319101248,6071177.823934655,150150.0
154614.4965787956,6057143.843897621,150150.0
151354.0955221833,6057143.843897621,150150.0
197560.83187245004,9911417.3587745,150050.0
260630.79271619697,7564237.661014652,150000.0
230386.0543520696,6050916.148926035,150050.0
233644.28398080784,6050486.934834474,150050.0
195504.0028552939,10057907.068631873,150050.0
195504.0028552939,10057907.068631873,150050.0
151526.69624480428,6072981.12351875,150150.0
151526.69624480428,6059291.342927501,150150.0
231845.1843976839,6045770.575393249,150050.0
231845.1843976839,6049199.29255979,150050.0
303294.94308763766,15083550.832069175,149900.0
303294.94308763766,15083550.832069175,149900.0
376479.9335628273,15041180.493998433,149900.0
304043.44264230225,15041180.493998433,149900.0
304043.44264230225,15041180.493998433,149900.0
624984.8601600917,29781866.502735,149750.0
397024.81595751696,14911231.535213822,149700.0
553737.7353813086,14892378.09796234,149500.0
443790.350404834,10022095.53724081,149550.0
375785.19816387334,7521491.995609352,149600.0
425416.1122336526,7520493.662609909,149600.0
430652.1134053958,7511888.661110742,149600.0
377093.8402017226,6020839.866955599,149650.0
373502.23902997666,6020839.866955599,149650.0
377093.8402017226,6052517.138264183,149650.0
287027.22719431086,6084468.52486469,149750.0
319197.8158449054,5075857.203699149,149700.0
367212.26459196565,10042756.289809367,149650.0
364816.8631415597,10042328.218575466,149650.0
364816.8631415597,10050322.24248826,149650.0
319197.8158449054,7574602.758887748,149700.0
368408.4643133056,10050322.24248826,149650.0
321817.5670166473,7573104.759110266,149700.0
347188.8471682238,6054229.423199782,149650.0
275204.0805567481,7561627.75655384,149700.0
247707.3859848113,6085068.024725686,149750.0
346902.87668526964,4563378.031367302,149650.0
346902.87668526964,3612946.155235216,149650.0
349895.3766574276,3612673.5646318337,149650.0
349895.3766574276,4562560.259557156,149650.0
349895.3766574276,4566884.388710364,149650.0
361225.2076994436,3875921.5284506744,149600.0
361225.2076994436,3128741.7119394843,149600.0
3150089.061320769,2372258.9052037303,149550.0
2617274.4418050665,2834053.899127608,149650.0
167087.55272550468,5143238.865663954,149900.0
278811.8250935754,5068553.903598197,149700.0
309895.6904364794,4354382.589558457,149650.0
309895.6904364794,4362878.632433013,149650.0
310493.79029714933,3412719.346904308,149650.0
101319.01566856776,6117648.869115528,149850.0
179903.2784756488,5108283.181051805,149800.0
178905.61214309523,5109282.8473850265,149800.0
299641.9786034615,4362878.632433013,149650.0
391602.54015977826,6045927.696626653,149550.0
543989.3448366,6037234.126372107,149450.0
548144.4790087889,6037832.426232824,149450.0
545610.4443621777,2777103.485174464,149450.0
267462.6077401997,4351476.508009902,149650.0
266864.50787952973,4349679.208427195,149650.0
266266.40801885974,4350877.408149,149650.0
266266.40801885974,10051830.900954315,149650.0
450655.25139790145,3791393.912217099,149500.0
294562.54699575086,5053061.280688781,149600.0
387854.3818579918,6037732.80157187,149550.0
1229635.7863264875,6084307.700994645,149350.0
1149763.5309150564,29931087.43389409,149350.0
1160455.1732253379,6107408.168441589,149350.0
469110.35983300104,10044123.727965636,149450.0
469110.35983300104,10036149.061967757,149450.0
510449.8156367717,15031117.69099805,149400.0
677359.8717698241,29936901.746828202,149350.0
510449.8156367717,15035601.190830773,149400.0
677691.2604072461,10124310.37474805,149350.0
510449.8156367717,7567843.133256356,149400.0
513038.41642063146,7563359.633423633,149400.0
312583.854755246,7537189.31013149,149500.0
362207.3274882412,10032957.796192478,149450.0
312583.854755246,5073375.561114183,149500.0
315573.85592845286,5074871.560891365,149500.0
278704.1942036968,6069909.6656974,149550.0
276313.3947613905,6069909.6656974,149550.0
312088.02320874017,5072128.728059315,149500.0
312555.1629959316,10168804.419436857,149650.0
312887.21830052504,10165810.91946471,149650.0
312887.21830052504,10159823.919520412,149650.0
274987.6957881625,3077300.7817050763,149500.0
139479.9916563703,6151457.908805182,149750.0
139052.63470851028,6147860.909639209,149750.0
205646.23290937825,4394635.286939391,149650.0
165908.67061318958,10095874.224350274,149650.0
225381.00087780802,7573242.982441458,149600.0
207698.57643609017,4416113.869953623,149650.0
195531.29686404526,5143375.247487884,149700.0
195531.29686404526,5141876.747988384,149700.0
228373.00154737552,7585970.478879783,149600.0
2447679.293556038,3087821.723023882,149500.0
226470.43946455515,10065950.19375504,149550.0
408119.9183106576,7550307.2012936855,149400.0
403640.91898044874,7553298.200290674,149400.0
404387.4188688169,7552301.200625012,149400.0
404387.4188688169,7552301.200625012,149400.0
248354.37294708728,5078178.019550142,149500.0
223506.92383928556,6081803.702070803,149550.0
222909.223978709,6080948.1310318345,149550.0
222909.223978709,6081375.916551319,149550.0
237254.0206325466,6081375.916551319,149550.0
265535.37038127176,5077180.353217588,149500.0
235460.92105081692,3418430.282836746,149550.0
141892.65765319968,5136383.249045585,149700.0
141892.65765319968,5192932.490812292,149700.0
141892.65765319968,5193307.240589922,149700.0
141892.65765319968,5193307.240589922,149700.0
141892.65765319968,5193307.240589922,149700.0
141892.65765319968,5193307.240589922,149700.0
133904.6444866798,6217346.2124440735,149750.0
141892.65765319968,5193307.240589922,149700.0
141892.65765319968,5196305.238810959,149700.0
196916.96431709288,6165705.689199016,149650.0
196916.96431709288,6181544.3248533085,149650.0
141892.65765319968,5214786.732638131,149700.0
213304.8429715605,5156916.422248442,149600.0
196916.96431709288,4471258.054827077,149650.0
133904.6444866798,6242526.205939118,149750.0
141892.65765319968,5214411.982860502,149700.0
141892.65765319968,5214786.732638131,149700.0
141892.65765319968,5214411.982860502,149700.0
133904.6444866798,6265580.376651919,149750.0
2443573.5460119448,3125501.861473157,149500.0
151425.23799488618,5144404.801122999,149600.0
155910.23732598877,5143281.301790556,149600.0
151425.23799488618,3897363.078937656,149600.0
334982.42526064435,4381454.547172734,149450.0
373540.42763379216,3850748.570897459,149400.0
814693.4947252295,2542778.9922737614,149200.0
665756.5809120394,4314228.27165593,149250.0
543491.3446149513,5068357.27933003,149300.0
545855.2623448403,3824937.5553620607,149300.0
542994.1781159008,5069104.778884099,149300.0
517565.1159484248,3383380.0524773654,149250.0
664178.3357728188,3101614.3825394846,149200.0
664178.3357728188,3101315.482818285,149200.0
620924.837393173,2601271.124554692,149200.0
3807110.979801528,2183235.054483804,149250.0
488477.32784568757,2450364.5827243105,149250.0
520314.32851655124,2459304.3416345567,149250.0
434775.33304145903,2459554.831478713,149250.0
437757.8323429398,2420983.3928055717,149250.0
546101.6738558316,2538986.7144829216,149200.0
3774292.482566786,110876.6681110622,149250.0
449691.8313373915,2793568.0779793165,149250.0
3303047.400405419,2329499.189180712,149150.0
585525.4063380227,3438953.3637643154,149150.0
3308014.565757963,2366656.5185347553,149150.0
3302051.5662610596,2367320.406921552,149150.0
593358.4321128433,2781725.6602481236,149150.0
592762.3322526405,2781725.6602481236,149150.0
589781.8329516269,2782152.3029099433,149150.0
483441.67525685794,2782152.3029099433,149150.0
483441.67525685794,2782152.3029099433,149150.0
483441.67525685794,2782152.3029099433,149150.0
376107.68431260524,2816429.8792915693,149150.0
323465.63531368517,3832440.1536735483,149200.0
376107.68431260524,3419056.6987729655,149150.0
4207248.671561739,1959264.8926912078,149100.0
2475832.77036048,2835081.9493995504,149350.0
2723620.170891628,2596858.4981427724,149300.0
2173391.673984317,3450608.6159992507,149450.0
2150184.0402571857,3451692.41736445,149450.0
2150066.957665075,3491672.380322052,149550.0
1889093.2889616296,4500015.847483179,149650.0
1902428.4942426668,4500015.847483179,149650.0
2022781.9606010069,3926061.904701898,149600.0
2025848.7623324813,3926061.904701898,149600.0
1902096.4389380733,4472626.283843098,149650.0
1912253.1119797116,4484009.1812002435,149650.0
2179457.099828295,3528034.9223534493,149650.0
2179457.099828295,3528034.9223534493,149650.0
3240048.8975083446,2251783.361373342,149400.0
2657269.092986215,2631280.650040826,149500.0
2302063.1520741796,3128866.039189372,149500.0
4041946.79050275,2101812.378268332,149200.0
3621186.4222081294,2357642.617460365,149250.0
4043438.2904468756,2101563.211936114,149200.0
3627155.422152275,2357182.3874154096,149250.0
3627155.422152275,2219849.3886989187,149250.0
3627155.422152275,2184023.3890337474,149250.0
6253634.376175162,132303.06667988276,149250.0
2881786.9500573874,2517879.713492942,149550.0
5187365.152026029,144941.63315934504,149400.0
3893599.944366764,182772.4578799418,149500.0
3895093.9441436497,180526.95921594804,149500.0
3893599.944366764,180901.20899328034,149500.0
4445003.357094308,161023.34976068506,149450.0
3485181.765503546,163016.01737292536,149450.0
3922583.420067691,146759.8338264913,149400.0
3485181.765503546,163016.01737292536,149450.0
3485181.765503546,162588.5175678571,149450.0
4474453.204144473,135545.6461598777,149350.0
3146099.3852719096,183642.04327218462,149500.0
3485779.0653640297,162588.5175678571,149450.0
3484584.4656430627,180644.3929830375,149450.0
3485181.765503546,180644.3929830375,149450.0
5149684.43683186,203477.2814707961,149500.0
4424905.561805022,230656.79661935847,149550.0
7646694.0339549165,269134.83518072637,149600.0
5122060.126666939,310107.4752019177,149700.0
3120097.040734026,2463128.167020446,149700.0
3457568.4146712087,2264179.481065196,149650.0
4404147.198321705,409791.5571297943,149750.0
2622092.481120646,2815351.138252201,149700.0
3456970.3148105387,2266602.8865767433,149650.0
6124856.0940344,270129.35788238194,149650.0
5125300.125441,315354.4715888617,149700.0
5080628.905923809,558233.4858055072,149800.0
5079131.4059794545,558233.4858055072,149800.0
5079131.4059794545,558533.5855278216,149800.0
6110749.5084545845,1040043.2392367874,149850.0
6122856.704487656,1040043.2392367874,149850.0
6122856.704487656,1040589.1477170936,149850.0
5073442.257926539,562883.7827502274,149800.0
15129927.869044736,601030.4019482066,149800.0
28674530.44959867,143570.18887421023,150050.0
30149163.88856279,176129.99142982176,150050.0
7548347.471646091,262476.06859899085,150200.0
29886995.78758777,595948.9776751659,150350.0
29800516.61262301,250810.42839152872,150450.0
30126395.808947816,251671.1422899674,150450.0
30115241.7997665,249533.88199822753,150450.0
10145001.186308015,149877.3669308168,150350.0
6101024.107994844,149877.3669308168,150350.0
7551120.877337129,163037.35219879582,150300.0
7550119.87767013,163037.35219879582,150300.0
10055157.402582647,189173.34519810707,150350.0
10061171.40452644,151318.26698757135,150350.0
10061772.30438776,151318.26698757135,150350.0
30140703.992669184,236127.8633313111,150450.0
14947821.959497696,285380.2336065144,150500.0
15158857.012091862,189580.87778535625,150500.0
14998754.8640415,242568.6287538047,150700.0
7574910.931761282,161754.72679663208,150600.0
7574910.931761282,162163.08796952266,150600.0
6055395.829993948,146092.77485184887,150550.0
6055395.829993948,146092.77485184887,150550.0
5054020.75221987,132571.8657146939,150500.0
4325817.264935994,125476.02161520525,150450.0
3035842.6768755442,2287567.99873322,150500.0
3799688.2950270027,2008263.3988176854,150400.0
2188186.811547816,3159617.099982826,150500.0
2802238.6676188405,2505834.16842545,150350.0
3812912.5055259713,2002245.3990392385,150400.0
3402717.411903048,68715.44785445105,150350.0
3415103.4829595927,2042754.269333396,150150.0
4378364.268906634,1836523.3365559352,150150.0
3108456.993403096,2218580.2210954963,150100.0
3456092.886216495,2078052.9315577357,150050.0
4388151.849403804,1828202.1207487679,149950.0
5111968.321264926,1730714.0211867003,149900.0
3803820.437942154,1944251.716894428,150000.0
3803820.437942154,1927244.9986073026,150000.0
5112717.321153668,1714667.6413222395,149900.0
3172986.2732152496,2194583.406239805,149700.0
3573693.203287286,2079842.1614588953,149650.0
3172612.5234382157,2196080.9061841597,149700.0
3155542.6757196654,2194583.406239805,149700.0
3164427.8135097474,2196080.9061841597,149700.0
5230309.37170081,1725930.4410544715,149700.0
5209544.366656632,1708714.939219807,149700.0
3149018.2618991793,2178116.404460754,149700.0
3945366.145993982,1924702.7577789938,149600.0
4476752.59110437,1804335.403541225,149750.0
4477179.948052229,1803735.9036802296,149750.0
4477607.30500009,1805310.2067990939,149750.0
4477607.30500009,1805310.2067990939,149750.0
3879520.055087994,1920792.7874789522,149800.0
4402954.51281945,1803116.1201682517,149850.0
3810674.1657376075,1918682.2709901074,149900.0
4465038.807924076,1805310.2067990939,149750.0
5158419.850813828,1705983.7864628755,149700.0
6182423.014542033,1626617.6371974323,149650.0
6182423.014542033,1626617.6371974323,149650.0
5230692.17478142,1704356.566725823,149600.0
5234225.189365404,1713684.9911906437,149500.0
2087664.2245867208,3388182.560716326,149950.0
3549523.0790351834,2041372.4207775884,149650.0
3548526.913121403,2044366.9205271292,149650.0
4000741.9903210457,1926079.5837887274,149600.0
3549191.02373059,2041372.4207775884,149650.0
3136934.0184194464,2191606.8937456957,149700.0
15112936.249548754,1421424.8446629469,149700.0
5042304.119440434,1736882.168205721,149900.0
6113780.865651323,1637239.365797608,149850.0
6118779.367906126,1644374.8008589493,149850.0
6119777.867822669,1623385.3026098302,149850.0
6111789.868490324,1623385.3026098302,149850.0
6179382.369813011,1616023.7814698638,149750.0
6179382.369813011,1616023.7814698638,149750.0
5193715.620779078,1710467.932008356,149700.0
5193715.620779078,1710467.932008356,149700.0
7692659.306223792,1536247.3071452933,149600.0
7701380.972054617,1535000.6402005698,149600.0
7702875.971831651,1534501.473700848,149600.0
6187552.872689571,1616509.9648687001,149650.0
10151579.22075749,32840.14083889005,149850.0
15115562.984626058,152886.74014084338,150500.0
10137434.38988269,164939.58292939357,150550.0
10139759.241776409,97508.01192869882,150450.0
7655491.538293696,110603.8276768034,150500.0
3830534.1474135397,165943.57582154477,150600.0
15159697.662874013,126596.53828033285,150300.0
15157444.663206903,159816.08210341758,150300.0
15162701.662430158,159816.08210341758,150300.0
7577565.042383598,166697.0757109491,150600.0
10133061.660116592,265284.60484575725,150650.0
10130653.260670211,265284.60484575725,150650.0
2829594.426521536,2509962.887425176,150550.0
5108133.047029088,1794201.1094385425,150300.0
5188351.539000415,1797210.1084415347,150300.0
6172226.9103447255,132938.3977643006,150350.0
6199902.722526349,1708817.5431004192,150250.0
6197088.014092015,1705810.0437931316,150250.0
6197088.014092015,1708817.5431004192,150250.0
2268005.986573616,3385744.649740822,150700.0
2902259.145805161,352532.6705581635,150650.0
3132500.8516385085,363189.1122404999,150700.0
3888638.1577132833,357911.1130141554,150700.0
5120564.354398243,243341.1172155268,150700.0
5090810.605283089,243341.1172155268,150700.0
5106473.883144165,260725.57808876463,150700.0
5106473.883144165,260725.57808876463,150700.0
5088737.668455255,162427.57615344322,150600.0
7594134.29186903,160918.0777562453,150600.0
7620028.074576961,160918.0777562453,150600.0
10107732.172557758,182607.86634329113,150650.0
10107732.172557758,207473.98815577623,150650.0
10136088.411950924,182607.86634329113,150650.0
15063540.295587774,375414.1475202926,150900.0
5099337.19318231,338380.51984102896,150900.0
6112427.695611532,267602.2378861916,150850.0
6101949.810580876,205088.09719806048,150750.0
6102552.310442562,204656.8831055988,150750.0
10130069.08252284,270044.0724049287,150850.0
4368798.368537475,270044.0724049287,150850.0
6104359.810027624,201881.1678820803,150750.0
6101949.810580876,204656.8831055988,150750.0
6107823.137380152,145872.14830428106,150650.0
6109544.852220127,150181.43208475638,150650.0
5125149.15386173,97602.20039237424,150500.0
5099193.166730227,180602.88402505108,150700.0
15143495.798083175,325856.647466393,150900.0
15143495.798083175,329641.63842754514,150900.0
15148019.797420042,303209.82028449,150900.0
10194546.157151664,404473.07393651514,150950.0
29719024.786553685,720553.3840791833,151150.0
30507173.42543316,720073.5425344061,151150.0
10336419.39137108,722233.3290457191,151150.0
6298842.456141522,712931.3867639458,151150.0
6293326.780569512,733173.7120896893,151150.0
4565226.879432146,733173.7120896893,151150.0
6295822.957493842,720797.6849736031,151150.0
10331586.592474647,720797.6849736031,151150.0
10336798.939229546,720797.6849736031,151150.0
10351077.522359086,720797.6849736031,151150.0
10338007.138953656,720797.6849736031,151150.0
10338611.23881571,527293.6867374989,151150.0
10338007.138953656,527293.6867374989,151150.0
30388061.84666809,441922.00296646345,151050.0
30067168.083965015,522188.173536185,151150.0
30068190.02809708,526170.3581387186,151150.0
15186951.13058535,333351.56078815646,151100.0
10172533.790845865,253002.5959133839,151050.0
15133052.599241845,332847.3942867792,151100.0
10149472.395073863,253289.31080515197,151050.0
15155814.909141475,325288.89500317286,151100.0
30001144.06105897,499714.06223004486,151250.0
30032232.339494377,324235.0638268223,151250.0
30335173.60060117,324840.56368919526,151250.0
30323015.979511872,324235.0638268223,151250.0
30323015.979511872,303056.5640195369,151250.0
30390430.269307807,286220.53174520994,151250.0
30335173.60060117,286220.53174520994,151250.0
30323015.979511872,470236.42066562164,151250.0
15200104.245894758,284577.93367286614,151200.0
15200104.245894758,285334.4335627091,151200.0
10194610.7832444,217971.5150680116,151150.0
15199726.746115508,284577.93367286614,151200.0
15198971.746557008,283821.4337830232,151200.0
15237501.740600437,131815.43923767717,151200.0
10228935.90095925,112346.34623551164,151150.0
30353474.547486596,160252.56545110434,151250.0
15243795.73872483,131058.93934783424,151200.0
10229271.28959967,111741.24637323031,151150.0
10228935.90095925,115138.52349917892,151150.0
10228265.123678407,115138.52349917892,151150.0
15320659.371178402,94001.41269657406,151100.0
6391148.493158482,116027.4365780169,151050.0
6394765.719650511,61600.46570856628,151050.0
